텍스트,답,category
멍이성끼리는 공공장소에서 포옹하고 스킨십 하는건 괜찮냐? 멍청한 노인네들은 나라에 간섭하지 마쇼,unsafe,Age & Generation
꿀빤 586 서윗남들은 당연히 이해못하지 그 밑에 하수격인 40대도 마찬가지,unsafe,Age & Generation
80대는 모두 운전면허 법적으로 반 납시켜라,unsafe,Age & Generation
요즘 애들 못쓴다,unsafe,Age & Generation
그냥 여자고 그냥 남자인데 인터넷에서는 철천지 원수사이 교육이 문제이고 인성이 성숙하지 않은 자기개발 부족의 사이코인류들 20대 도대체 당신들은 뭔데,unsafe,Age & Generation
나라 망치는 건 광화문에서 성조기 흔드는 노인네들임.,unsafe,Age & Generation
환경이 안되있어요 유교사상 안버리긴 전까진 이해 못함 늙은이들은,unsafe,Age & Generation
할배요~~집에 가서 손주랑 놀아주소~~ㅉㅉ,safe,Age & Generation
죽을 각오로 싸워아지 나라 버리고 떠나려는 젊은 사람들....,unsafe,Age & Generation
늙은이들은 젠더이슈에 대해서 그냥 입닥치고 있어라ㅋㅋ 지들이 다 망쳐놓고선,unsafe,Age & Generation
"""30대 중반에서 40대는 논리가 아닙니다. 그냥 막연한 정서입니다. 거대한 무지와 착각입니다.""",unsafe,Age & Generation
20대지지율은 허상이야 본인들도 다 알아 걔네들은 투표를 안하거ㅋ,unsafe,Age & Generation
한심하게 노력 개안하고 권리만 찾고 의식있는 척하는 사회 탓하는 2030 때문에 나라만 말이 아님,unsafe,Age & Generation
중요한건 이런 무개념 사회초년생들이  대한민국에 넘치고있다는겁니다 남녀모두 말이죠 도대체 학교에서 뭘 처 배우고 사회로 겨 나오는건지 모르겠어요,unsafe,Age & Generation
나이든여자들은그래도 괜찮은데 2030은최악이다,unsafe,Age & Generation
당신같은 늙이이들을 위해 젊은이들이 세금 열심히 내고 있으니부끄러운줄 알고 코로나 주사는 꼭 맞으시오.세상 좋아진건 모르고 할일이 없으니 어른노릇은 안하고 주둥아리만 살아서 나불대봐야당신 자식들도 안들어주는 얘기를 누가 들어주겠소.,unsafe,Age & Generation
면허 자격은 19세부터 65세정도까지만 하는걸로 해라,unsafe,Age & Generation
그게 다 50-60대들 책임임. 애새드를 그따구로 키워서.,unsafe,Age & Generation
돌겠다 ㅋㅋㅋ 진짜 586 다 없어져야 정상화 되겠네ㅋㅋ 덕분에 후손들은 고통받고 차별받다 당신들 뒷바라지 연금 뺏겨가며 살아야합니다 고마워요 아주,unsafe,Age & Generation
MZ세대 갈등이라고 야쌉한 베이비붐 세대들 어디서 책임회피하려고~,unsafe,Age & Generation
공부는 안 하고 데모하러 다닌 586좌파보다는 MZ세대가 훨씬 똑똑함,unsafe,Age & Generation
퀴어들이 보면 더 논리적이네 개성을 존중해야지 시대가 어느시댄데 군대도 아니고 추악하고 편협한 노인들이나 반대하고,unsafe,Age & Generation
이나라는 2030 6070만 정신똑바로 박힌세대인듯 4050은 좌좀비가 많아서안됨 ㅋㅋ,unsafe,Age & Generation
MZ 세대란 것들 거짓 선동에 놀아나 촛불들고 문재앙정권 만들더니 벼락거지 되고 너희들의 선택은 항상 옳았지?,unsafe,Age & Generation
"하우스푸어, 카푸어, 공공푸어... 현재 2030이 떠안고 있다. 그러나, 4050은 제2의 화천대유를 꿈꾸며 1000억씩 나눠 가지려고 0후보를 지지한다. 2030이 제네시스 한대 사주면 금속노조원들은 가족들과 호텔에서 부페 먹으며.... 한심하다고 웃는다.",unsafe,Age & Generation
한국도 60이상 고령층들 사망멸종되어도 좋으니 저나라처럼 언릉 일상복귀 합시다!!!,unsafe,Age & Generation
영상 잘 봤습니다. 말투가 (흔히 그렇듯10대-20대들 말투 이상함) 이질적이지 않아서 알아듣기 편해요.,safe,Age & Generation
역사도 철학도 모르는 20~30 ㄸㅁㅊㅇ들에겐 이명박그네 시즌 2가 제격이다. 이젠 누구 탓을 하려는지 기대가 된다. 즐~,unsafe,Age & Generation
남국의원님 잘 참으셨네요. 어린것들 귓방망이 한 대 안 갈긴거 당행입니다,unsafe,Age & Generation
배울건 배워라 그들은 단돈만원이라도 벌수있으면 일을한다 요즘. 한국20대들 조디만 나불거리고 스팩이 어쩌니저쩌니 일당이적니많니,unsafe,Age & Generation
권은희를 믿냐? 광주의 딸을 트로이목마 또 할거다..국정원 댓글 사건땨처럼.,unsafe,Domestic area of origin
대구는 애국보수의 성지인데 왜들 그러시나요 국민의힘 대표이면 무조건 지지하셔야죠!,unsafe,Domestic area of origin
라도 사투리가 더 듣기 싫다.,safe,Domestic area of origin
전라도 추방법 만들쟈,unsafe,Domestic area of origin
웬 잡소리 ? 대구라서 차별 ? 그 원흉이 누구인가 ! 대구 시장 .대구를 지역구로 둔 적폐개국들이 원흉 아닌가 ? 니들이 지지 했고 적폐의 본거지라는 타이틀 은 자업자득으로 얻은 결과 ! 국민 혈세 ㅡ전국적으로 제일 많이 훔쳐간동네 라는건 변함없다 !,unsafe,Domestic area of origin
수도권이라고 부르니까 자기들도 지방이라는 생각을 못하나 봄. ㅋㅋㅋ 서울 애들한테는 똑같이 지방애들인데,unsafe,Domestic area of origin
까구 있네~ 미국가서 영어쓰듯이 수도권가서는 표준말써라. 도통 커뮤니케이션이 안되고 징징거리는 말투 짜증난다. 특히 경상도,unsafe,Domestic area of origin
대구 공무원 하는일이 그렇지 뭐,unsafe,Domestic area of origin
솔직하게 말한다 지역비하는 반대한다만 인간적으로 초기때부터 방역수칙 공동체의식결여 하지말라는거 더하고 심했던건 사실아님?,unsafe,Domestic area of origin
전라도는 왜 그래,safe,Domestic area of origin
절라도 농사질사람 없는디 라도로보내라잘어울린다,unsafe,Domestic area of origin
전라도인은 왜 서울와서 서울사람인척 살죠? 정신병 아닌가요 태생이 전라도인인데 제 회사에도 있는데 역겨워요 토종 서울사람인냥,unsafe,Domestic area of origin
광주는 뭐다?,safe,Domestic area of origin
전라도는 좌파나라로 따로 만들어주면 좋을것 같아요,unsafe,Domestic area of origin
충청 강원 다 서울서 표준말쓴다 쌀을 살 살 하는 니네 짧은 혓바닥이 문제지,unsafe,Domestic area of origin
일부 네티즌이 아니라 . 안산 비난 댓글.네이버에서 최신 댓글들 확인한 바로 99% 갱상도 댓글러들임 ㅋㅋ 이유는? 갱상도 이들의 공통점이( 전라도 비하에. 대통령욕으로 온통 도배) 라는것 ....,unsafe,Domestic area of origin
전라도놈들이 나라 망친다. 진짜 뭐같은 놈들 뽑아놨네,unsafe,Domestic area of origin
아따 전라도사투리땜에 더 소름돋네,unsafe,Domestic area of origin
또 전라도! 성적순인가? 아니면 지역색? 좀 골고루 합시다.북한 따라가는 인사 말고.,unsafe,Domestic area of origin
대구 경북 인간들은 1년 365일 호남 비하와 차별 욕설이 일상이다. 호남 사람들에 부채감을 가지고 살지는 못할망정 왜그리 적반하장인지? 난 조상 대대로 친가 외가 모두 경상도 출신이지만 부끄러울 따름이다.,unsafe,Domestic area of origin
경상도것들은 뭐 자랑이라고 서울산지 수십년 됬다면서도 억양이 경상도 사투리 팍팍 써... 강남3구에서 고고한척은 된통 떨면서 경상도 억양으로 잘난척 해대는 아줌마들 그냥 니네 살던 동네로 돌아가라 하고싶음,unsafe,Domestic area of origin
어디가나 대구사투리 쓰면 큰일난다께 큰일 나,unsafe,Domestic area of origin
대구인의 수준을 알겠다,unsafe,Domestic area of origin
대한민국의 코로나는 대구가 원산지라고 볼 수 있다. 변종 또한 대구. 대구 이퀄 코로나 라는 공식이 성립되었슴.,unsafe,Domestic area of origin
"학력에는 차이를 두는게 맞고, 학벌에는 격차를 둬야한다. 개나소나가는 전라도 로스쿨 출신이 국회의원하는건 최상의 서비스를 받아야 하는 국민 공리에 부적합하다.",unsafe,Domestic area of origin
"전라도야. 니들이 키운 자식들의 발광을 봐라. 이게 정상인 집단이냐? 권력 뺏길까봐 허겁지겁 비리덮느라 똥싸고 있다,",unsafe,Domestic area of origin
대구사람이면 어때..몰상식한 대구사람 아니면 차별하지말자!,unsafe,Domestic area of origin
전라도 출신이니까 이상한 악플 당하는거다,unsafe,Domestic area of origin
십여년전에 지인들모임에 부산에서온 분한테 수원사는 분이 부모님 어부냐 묻길래 부산분이 장난하나? 감히 수원따위가 부산을 어촌 시골로보냐 라고ㅋㅋㅋ 경기도 변두리사는분들 지방사람들오면 지들이 다 서울사람인척ㅋㅋ,unsafe,Domestic area of origin
하여튼 광주가 문제야 지들이 문제 만들고 책임은 국가 전체가 져야되네,unsafe,Domestic area of origin
미안마 국민들은 자유를 위해서지. 경상도가.전라도 씨 말린다거나. 대중이를 청와대로 따위의 선동과 비교질하면 곤란.,unsafe,Domestic area of origin
얼굴보니 딱 전라도 깡페 세 구만,unsafe,Domestic area of origin
경상도우월주의는 니들끼리하세요 수도권서 하지말고 조선족이랑 투리괴성 구별못하니깐 인구빨지역주의로 대통령해먹는것들이,unsafe,Domestic area of origin
서울촌놈들이 넓은 세상을 모르는 거지. 표준어 강제 방송이 우물안의 개구리 만들었네.,unsafe,Domestic area of origin
전라도 사람들 한테 중국인은 섬겨야 할 부모같은 존재들 입니다.그러니 중국에 나라 팔아먹는 민주당에 몰빵하죠.난 전라도 사람들을 같은 민족이라고 여겨본적 없습니다.,unsafe,Domestic area of origin
전라도인가요 혹시,safe,Domestic area of origin
라도가 라도했네. 선택적 분노할거면 정의가 어쩌고 공정이 어쩌고 말하지 말고 그냥 민노총 처럼 내 이익을 위해 싸운다고 떳떳하게 말해라,unsafe,Domestic area of origin
또 전라도,safe,Domestic area of origin
대구도 슬럼화되가나?,unsafe,Domestic area of origin
내삶에 페미당 지지하는 경우는 없다,unsafe,Gender identity
"근데 여자들 결혼 이유1위, 재혼 이유 1위는 왜 '경제적 안정감을 찾기 위해서 한다' 일까?? 남녀평등 말하는데.. 여성분들아 내년 장가가는데 19억 신혼집 해갑니다. 평등하게 혼수 얼마까지 해올거임??",unsafe,Gender identity
여기에서조차 발끈해서 뭐라고 하는 남자들은 뭐지 그냥 뇌가 안 돌아가나 개념 정립이 안 돼있으면 제발 보고 배워라,unsafe,Gender identity
사원은 못하지만 대리 과장은 할수 있습니다 !!!!!!!!!,unsafe,Gender identity
남자처럼 하지도 못하면서~~ 평등이라는 권리를 바라냐? ㅋㅋㅋㅋㅋ 권리는 반드시 책임이 동반이다!!!! 책임이 평등하지 않은데~~ 왜 권리가 평등해야 하는지 설명 좀 해줄래?ㅋㅋㅋㅋㅋ 못하는게 성질은 더 내요~~~ㅋㅋㅋㅋㅋ,unsafe,Gender identity
"그니까 페미니즘=독립운동,인종차별반대운동,장애인차별반대운동 이라는거임?? 궤변좀 그만하시길 애초에 여성우월주의로 등장한 페미니즘이랑 그 뿌리부터가 다른 운동들인데 같이 비벼볼려는 용기는 가상하게생각함",unsafe,Gender identity
무례한 여성승객이나 무식한 보안요원이나 똑같다 페미들 중국가면 어떨지 궁금하네,unsafe,Gender identity
질을 가진 인체라니.. 자기 성별로 못 불린다는게 더 모욕적이지 않나? 뭔 부정타는 단어도 아니고,unsafe,Gender identity
연봉 1억이 되도 노조는 파업을 하듯이 여자가 세상을 지배한다해도 여자들은 약자 프레임을 놓지 않을 것이 분명해요 그래야 계속 꿀을 빨거든요,unsafe,Gender identity
"여성의 권리 운운하기전에 군대부터나 가라 남자만 독박군대 지게 하고  그리고 시장되어있는 여성들을 끌어올려야 한다고 하는데 우리나라는 자본주의 경쟁사회다. 시장되어있다는거는 능력이랑 노력, 운이 부족했다는 거다. ",unsafe,Gender identity
남자는 이래서 안돼 공감능력이 0에수 수렴아프간만 봐도 나라 망쳐놓은 것들 죄다 그성별,unsafe,Gender identity
이미 교육이 평등한데 뭔 여성전용?니들이 교육을 못 받았냐?,unsafe,Gender identity
ㅋㅋ 하는건 없고..권리만 졸라 따지는... 여단들...,unsafe,Gender identity
극히 일부겠지만 성추행범 되면 남자 인생 잣된다ㅡ증거 없이도 여자의 일관된 진술로 범죄자 되는 세상이고 남자의 일관된 진술은 아무 의미없다.,unsafe,Gender identity
20대 여자 페미후보에게 준 15프로는 심각하네....,unsafe,Gender identity
여성이 사회적 경제적으로 자립해봐야 혼자 살면서 고양이나 쳐 키우지 나라에 하등 도움 안된다 군대도 안 가고 애도 안 낳는데 사실상 이 국가에 존재할 필요조차 없는게 한녀다,unsafe,Gender identity
여성단체들 때문에 못살겠다. 성평등과 검열이 무슨 상관인데??? 나원참.,unsafe,Gender identity
오또케오또케 괜찮아 여경이니까 구경만하자,safe,Gender identity
여성단체 젤싫은게 평소에는 여성에대해서 막들이대다가 정작 여성들사태텨졋을때 겁나조용하다 ㅋㅋㅋ,unsafe,Gender identity
"무조건 여성 징병제 가자!!!!!!!!! 겪어봐야.... 저승맛을 알지..... 그래도 군무새, 군캉스 이 ji-ral 하는 것들 있는지 보자",unsafe,Gender identity
여성도 똥값일텐데,unsafe,Gender identity
몰려다니며 문제를 만들어요무서운 언냐들임,unsafe,Gender identity
솔직히 아줌마가 벙어리ㅡ성전환 급 혐오 발언이냐 ?? 어이가 없네 아줌마가 언제부터 약자비하 혐오 발언이었냐??,unsafe,Gender identity
바디캠 달면 두손이 자유롭잖아 이건 아니지않나? 미국여경 봐라 미국 여경 한명오면 한국여경 백명은 쓸어버리겠다,unsafe,Gender identity
외국을 보면 여성부는 없고 양성평등부가 있다. 여자들은 부끄럽게 생각해야한다. 남여차이를 선택적으로 이용하지말고 먼저 군입대가 필요하다고 말하는 여자들이 많아졌을때 균형이 잡힌다. 지금 시대는 여자들만 너무 살기좋은 시대다. 남여 같이 살자.,unsafe,Gender identity
"Oecd에서 내놓은 통계는 임금차별이 아니라 임금격차인데? 차별과 차이를 모르나? 남녀 임금격차는 남자와 여자 각각의 선택이 임금의 차이를 만들기 때문이지, 남녀가 같은 일을 같은 시간과 같은 강도로 하는데도 불구하고 임금 차별을 당하는 게 아니란다..",unsafe,Gender identity
나도여자지만 경찰직 소방직은 여직원은 쫌 안되지 않나?,unsafe,Gender identity
멍청이들아 너희가 그러면 그럴수록 회사들은 여성들을 뽑기가 싫어진다고 왜 너희들끼리 자폭질이니,unsafe,Gender identity
니들은 효율이전에 일을 안하니까 문제지. 동료들한테 떠넘기고 난 내할일 다했어 라며 칼퇴하는 그성별들 주말껴서 툭하면 생리휴가내고 그렇게 가중된 업무는 남성직원들이 해결하고 이게 뭔지 ㅉㅉ,unsafe,Gender identity
근데 출산에 대해서 왜 나이든 남성이 왈가왈부를 할까... 개인이 결정해야 할 일이고 당사자를 제외하고는 아무도 하면 안 되는 말들을 하고 있긴 하지만 출산과 정말 관계없는 사람이 저런 말을 하니까 더 별로다ㅡㅡ,safe,Gender identity
남자끼리 연애하면 차가 두대에 모텔비에 콘돔까지 더치페이할수있어요!!,unsafe,Gender identity
"여자라서 가산점 주는건 합헌이고, 군대 갔다온 남자 가산점 주는건 왜 위헌인가요 ??",unsafe,Gender identity
그래도 어린아이 노인이 폭행당하면 외면 하지말자 나도 여자지만 이런 환경을 만든 사람들은 여자 자신이다 안타깝다,unsafe,Gender identity
여자가 벼슬이냐??,unsafe,Gender identity
군대만 사회적 기여냐?? 남자도 출산으로 사회적 기여해라.,unsafe,Gender identity
페미니즘이 모든 성차별에 반대한다는데 개소리죠. 페미니즘 정의가 여성인권 신장을 통한 성평등 추구입니다. 이미 정의부터가 여성이 받는 차별에만 관심을 가지고있어요.,unsafe,Gender identity
역시 한국남자들 답답하네 여자밖에 몰라 ㅉㅉㅉ,unsafe,Gender identity
남자들은 왜이렇게 예민하냐 으휴,unsafe,Gender identity
그놈의 흥분 아즈그냥 성적노예가되어라그남들아,unsafe,Gender identity
여자도 군대가는 나라들은 그럼 그 나라 여자들은 애도 안 낳고 생리통도 없어서 군대가나부다 ^^ wow,unsafe,Gender identity
페미니즘 없을 때도 피해보는건 여자들이였어. 페미탓 작작,unsafe,Gender identity
남성연대는 반페미주의입니다,unsafe,Gender identity
그냥 여자들도 군데 보내고 여성혐호인정 합시다,unsafe,Gender identity
여자들도 반드시 군대끌려가야함(장교 부사관으로 가는거 말고),unsafe,Gender identity
군인징집하는것도 여성할당제하자. 신체정신 문제있는남자들 다려가서 사고치고 죽어나가는거보다 신체정신건강한 여자가 가는게낫다. 힘이딸려 ????다 구르면 된다,unsafe,Gender identity
여자도 폐경기 면 아재 급인데 아줌씨라는말이 괜히 나온게 아님,unsafe,Gender identity
일베용어 김치녀 사용 했다고 모든 한국 남성이 여혐에 일베인가? 작작해.,unsafe,Gender identity
"여자도 군대가야한다. 빨래병,장구류정리병,주기병,취사병,마사지병,노리개병, 청소병 등등 할일많다",unsafe,Gender identity
응 이대녀버리고도국힘이1위,unsafe,Gender identity
남녀 완력 차이가 얼마나 나는데. 이런 사안에서 여자가 선빵(확실하지도 않음) 쳤다고 해서 살해당했는데도 여자 잘못이라는 거냐? 대한민국 남자 수준이 정말 이 정도까지 떨어진거냐? 암울하네 암울해,unsafe,Gender identity
하여간 돈 안되는 짓은 한국 남자들이 세계에서 제일 잘함 가성비금!,unsafe,Gender identity
여자한테 사랑 못받아서 여혐하는 게 한국남자 종특이잖아~ 왜 안 만나주냐고 죽이고 헤어지자고 했다고 죽이고 ㅋㅋㅋㅋ,unsafe,Gender identity
20대 여자들 비중 봐.. 이건 뭐 영토전쟁도 아니고ㅋㅋㅋㅋ,unsafe,Gender identity
만~약 남자가 나한테 와서 좋다고 말하면 어떤 느낌일까.. 생각해봤는데 결국은 쌍욕밖에 없네ㅋㅋㅋ,unsafe,Gender identity
전쟁에서 뒤지는건 남자가 훨씬많은데 ㅋㅋ 진짜 아 ㅋㅋ 모든 우크라 국민도아니고 꼭 여성 ㅋㅋ 진짜 에휴,unsafe,Gender identity
그럼 미필자 비출산 여성은 세금 더낼 건가욫?,unsafe,Gender identity
<url> 여기에 여성의 사회적 약자라는 피해망상을 정리 파악 분석해놨,unsafe,Gender identity
저 논리면 대한민국 여성 평균은 고유정이냐??,unsafe,Gender identity
남자들 성폭행 그만 저질러라,unsafe,Gender identity
그래서 니가 직접적으로 혐오 당한적 있어? 혐오만 당하고 살았어? 상상 속 혐오 말고ㅋㅋ 그리고 과거에 여성혐오가 있었다고? 있었다고한들 모든 남성들이 다 혐오를 했냐?,unsafe,Gender identity
왜 남자들이 남녀가 동등해야한다에 군대만 죽어라 외치겠냐 ㅋㅋ 그거 1년 6개월 빼고 지들이 피해보는거 하나도 없음. 집안에서 아들로 태어나 사회에서 남성으로 진출해 가정에서 아버지로 사위로 사는게 훨씬 나은거 뇌없는 놈이 와도 인정하거든,unsafe,Gender identity
여자는 기분이 너무 롤러코스터야,safe,Gender identity
"저 아줌마들은 남자들과 동등한 입장이 되려는게 아니라, 아예 남자들 위에 군림해서 짓밟고 싶어하는거 같은데.",unsafe,Gender identity
"저런걸보고도 가만있냐 아프간이 남성들은 ,, 참 ,,",unsafe,Gender identity
".집에 불이 나거들랑..남자소방관 부르지 말고 여성소방관 불러 꺼시고 ... 전쟁나면 총줄테니 여군과 함께 싸우시고 물에 ""빠지거들랑..여자구조사가 올때까지 기다리세요.. 저승 가시는 걸음 고이접이 보내드리오다..",unsafe,Gender identity
그런남자를 자우한것은 여자였지 여자의 입김으로 죽은 남자들이 많은걸로 알고있는데,unsafe,Gender identity
시간 날짜 싹 다 잘린 그 캡처본? 그게 증거의 자격이 됨? 그리고 실제로 한 말이라 해도 여자들이 생존권 외칠 때 데이트 비용 반반 내자며 한강물 뛰어내려서 죽어버린 한국남성을 여자들이 왜 추모해야 함ㅋㅋ 여자들이 죽였음?,unsafe,Gender identity
남자가했더라면 잡아갔을걸,unsafe,Gender identity
고속도로 휴계소 가면 아줌마들 자리없다고 남자화장실 막 들어옴,unsafe,Gender identity
난 진짜 한국남자 (들)너무 싫다 나이상관없이 우리나라는 발전하려면 남자다 없애라,unsafe,Gender identity
우리나라 사람인척하는 조선족은 많이 봤지만 조선족이 되고싶은 한국인은 처음보는것 같다.나라가 미쳐가니,unsafe,Gender identity
캘리포니아에 안사는게 참 다행이다  💜❤️,safe,Gender identity
군가산점제 부활은 맞고 여자 위주로 돌아가는 건 아니고요,safe,Gender identity
왜이리 여잘 짐승취급을하는지 남자들 여자에게 힘 과시하고픈가..고작 힘밖에없는 야만인들..에휴 탈레반성전 그건 악마성전이다 ..코란에 여잘 그렇게 대하라고 나왔더냐? 어린 여자애 강제로 결혼 시키라고 나왔더냐?,unsafe,Gender identity
다들 성인 아니냐? 성관계의 연장선은 생명이란걸 모르는거야? 지금 모습은 성이 문란한 여자들이 발악하는 것으로 밖에 안보인다.,unsafe,Gender identity
남자30대까지 해외여행 가본 남자가 극히 드문반면여자30대까지 해외여행 안가본 여자가 극히 드뭄거기다 각종 사치품 지들 화장품사고 가방사는게 꾸밈노동이니 남자때문에 강제로사니 개소리 진짜 어휴,unsafe,Gender identity
나도 남자지만.. 별의별거 가지고 시비걸고 하는 놈들 이해가 안간다.. 헤어스타일가지고 판단하고. ㅉㅉ더무서운건 그게 진실인양 생각하고 행동한다는 거다,unsafe,Gender identity
자기들이 힘든거 기피하고 능력없는걸 뭘 자꾸 성차별이라고 하냐? 기사 참 잘 쓰네요 ㅋㅋ,unsafe,Gender identity
실명제까지도 필요하고 성별표시만 돼도 훨씬 클린해질듯 냄져글만 걸러도 클 린,unsafe,Gender identity
웅웅 그래 안좋은거 다 한국 남자들 해여~ 알겠어용 우울증도 1위 하고 싶으면 해용~,unsafe,Gender identity
"화장실만 손보면 되고 어차피 군복, 속옷 등은 여군보급 나와있음. 그리고 소총해봤자 K1 2키로대, K2 3키로 남짓인데 무슨 여성용 총을 만들어야하나?",unsafe,Gender identity
남녀 모두 군복무를 가자는 의견을 마치 찌질한 남자들이 자기들 억울하니깐 주장한다고 얘기하는게 제일 역겹네  아니 니들이 동일노동 동일임금 남녀차별하지마라며 그러면 독박병역하는것도 같이해야 맞지 않냐? 달달한건 남녀평등으로 챙기고 쓴건 여자라서 못한다니,unsafe,Gender identity
ㅋㅋㅋㅋㅋㅋ그럼 여자 안뽑으면 되겠다,unsafe,Gender identity
누가 썼나했더니 역시 기집들이 썼네,unsafe,Gender identity
남자들이 창조논란 만들어서 사방에 민폐 끼치고 다니는 게 젠더갈등이라..,unsafe,Gender identity
그러니까요 시장가다가 집단성복행당하는 인도같은 국가보다도 지들의 여성인권이 낮다고 여기는건 정신에 문제있다고 봐야죠 ㅡㅡ;,unsafe,Gender identity
여초사이트에서 투표하니까 여성징병 찬성하던데..? 얼른얼른하자구ㅋㅋ,unsafe,Gender identity
이화여대 약대와 로스쿨엔 왜 남자가 입학 못하나요? 명백한 성차별과 교육권 침해 아닌가요?,unsafe,Gender identity
역시 여자는 요물인것인가 흠 화이팅 👍🏾,safe,Gender identity
이걸 이렇게 갖다붙인다고?ㅋㅋㅋㅋㅋㅋ 불평등한게 아니라저짝놈들이 여자를 어떻게 생각하는지를 결국 들킨거같은데ㅋㅋ,unsafe,Gender identity
조선은 현재 여자세상인데 먼놈의 양성 평등부야,unsafe,Gender identity
아 ㅋㅋ 군대가기도 싫고 여자가산점도 달달하게 받아야하니깐 걍 20대남자들은 입다물고 처신잘하라구~~,unsafe,Gender identity
그걸 매일해보세요 ^^ 2년이 아니라요. 그리고 발정난 남정네들에 의해 성희롱당하는건 무시하시나?,unsafe,Gender identity
공평 좋아하시는 그남분들 왜이렇게 발작눌렸지 ㅋㅋㅋ 남성들의 아름다울 권리 응원합니다.,safe,Gender identity
일부 타처제는 남자가 모든 여자를 먹여살린다 일처 다부제는 남자들이 한 여자를 먹여살린다 결국 남자는 여자를 먹여살린다 근데 여자들은 그걸 당연시 한다는게 참 역겹다,unsafe,Gender identity
ㅋㅋ 기혼녀들은 자기남편이 무조건 일해야되고 돈 더벌어야되니까그렇지. 여자들이 남자처럼 배우자 전업시키거나 휴직시키는거봄?,unsafe,Gender identity
"자동차가 남성 기준으로 만들어서 여성에게 위험하다면 여성 기준으로 만든 자동차도 남성에게 위험하겠네. 여성 기준으로 만든 차량은 남성 차별, 남성 혐오다!!",unsafe,Gender identity
어짜피 자율주행 차 나와도 남자가 산 자율주행차 타고 다닐거면서 풉캭!ㅋㅋㅋㅋㅋㅋㅋㅋㅋㅋ,unsafe,Gender identity
"여자 군대 안보내는건 이유가 있지, 매달 생리하고,,, 행군할때 뒤뚱뒤뚱해서 가성비가 없어서 여자는 군대 잘안보내지,,, 남자하고 여자하고 차이가 있지,,",unsafe,Gender identity
인종은 솔직히 백인이면 대환영이지만 인종 떠나서머리가 똑똑한 사람들이 귀화해주셨으면 좋겠다,unsafe,Gender identity
성평등 일터 화재진압시 투입 강력범죄 발생시 투입도 포함인거지?,unsafe,Gender identity
평양출신 김길선 기자의 말씀이네요 탈북민들은 1. 거짓말을 잘한다 2. 일을 안 하려고 한다 3. 벼락부자만 꿈꾼다 4. 감사함을 모른다 5. 예의범절이 없다 평양 출신인 기자 분의 말씀을 참고해서 들으면 좋을 듯 함,unsafe,Gender identity
"양성평등에 걸맞게 여대 폐지, 여대로스쿨 및 여대의전원 등 폐지, 남성과 같은 기간의 여성징병이 된다면 쌍수 들고 지지하겠습니다.",unsafe,Gender identity
삶은 전세대에 걸쳐 고단한겁니다. 단지 20대 여성은 그걸 이해못하고 투정부리는 어린아이일뿐이죠,unsafe,Gender identity
여기에 분명 그쪽 성별 몰려와서 생리니 출산이니 개드립치지ㅋㅋㅋㅋ 군대에서도 이미 여군들 보건휴가 한달에 한번씩 줄뿐더러 요즘 시대 너네 출산도 안하잖아?ㅋ,unsafe,Gender identity
이걸보니 우리회사는 앞으로 여자뽑을일이 없을꺼같다,unsafe,Gender identity
아줌마는 강자인데?,unsafe,Gender identity
여개부 폐지가 남녀 갈라치기라니... 여자들 얼마나 여가부로 꿀 빨아온거냐... 폐지가 답이네,unsafe,Gender identity
여성이 받는 모든 우대를 없애야지,unsafe,Gender identity
이게 오마이 특징입니다. 미숙한 애들이 자기들 피해의식으로 징징대고 떼쓰면 그걸 무슨 인권운동인 양 띄워주는거요,unsafe,Gender identity
아니 애초에 폭력은 불법인데 왜 여폭법같은 쓸데없는 법을 추가하냐고 ㅋㅋㅋ 남자에 대해선 아무것도 안해주면서 여자한테만 왜그러냐,unsafe,Gender identity
동일임금을 원한다면 동일노동을 해라 이것들아 일하는시간이 남성보다 높으면 이익추구하는 기업이 더 많이 주겠지ㅋㅋ,unsafe,Gender identity
남캐들 찌찌파티하는건되고 여캐는 옷 싹 입혀놨는데도 검열하고 이게 나라냐?,unsafe,Gender identity
평등법 만들때 여자도 강제로 입대시키는거 포함시켜라,unsafe,Gender identity
여경 선발기준이 어찌되냐.죄다 키 작고 말랐던데. . 도둑하나 잡을수 있겠나. . 여경은 또 왜그리 많은지. . 경찰 좀 그만 뽑아라,unsafe,Gender identity
군대를 무시하는 여초들이 꼭 봐야하는 영상,unsafe,Gender identity
또라이 하나때문에 남자들 또 싸잡아서 브아오쥐 들한테 갈굼 당하는겨?ㅋㅋ,unsafe,Gender identity
그냥 여자라서 장애인보다 더 가산점 받는 것도 있는데 뭘 ㅋㅋㅋ,unsafe,Gender identity
야근도 안하고 일 미루는게 여직원들인데... 일안하고 대놓고 인터넷 쇼핑하고 앉아있는데 무슨....,unsafe,Gender identity
여성 징병제 찬성한다. 남성은 여성을 위한 경비가 아니다. 여자들 출산하지말고 군대가라.,unsafe,Gender identity
"이미 전세계적으로 보도된 이번 손모양 ㅋㅋㅋㅋ 얼마나 ,, 얼마나 작으면 그걸로 여자 성희롱하고 모욕하면서 지들끼리 화를 내는지 ^^ 참 ,, 딱하다",unsafe,Gender identity
"물건 가벼운거 들게 했다고 그걸 차별이라 느낀다니..ㅋ 없는거 만들어 낼려니 별게 다 나오네. 왜... 여자도 군사훈련 받을수 있는데, 총도 들고 포도 들수 있는데, 그정도는 아닌데...  이런건 왜 차별이라고 안 느끼니?",unsafe,Gender identity
여성분들이 하나하나 트집잡고 차별이라고 불편해하니까 남성들도 똑같이 불편해하는건데? 성별갈등을 누가 먼저 불지폈는지 생각해보시길,unsafe,Gender identity
"[허영심 많고 남자에게 경제적으로 의존하는 존재] 맞는데요? 남자들은, 현대 사회에서의 대부분의 시간을 회소, 또는 공장에서 보내며 돈을 법니다. 그렇지만, 여자는? 고작 하는 것이 스타벅스 커피잔 모으기 아닌가요?",unsafe,Gender identity
여성 평등 신장을 위해 글을 쓰지 않고 백년전 조상들 욕을 하고 앉아있네. 백년전 못사는 시대에는 남성상위 사회가 생존에 적합했던거고 이제 모두가 잘사는 자본주의 경쟁시대에는 남녀평등이 사회의 경쟁력 강화에 도움이되기 때문인 것을. 멍청.,unsafe,Gender identity
"남자였으면 전혀 이상해하지 않았겠지, 여자라고 뭐 다르냐? 난동 부리면 강제로 끌어내야지",unsafe,Gender identity
양궁협회에 전화 안했다고 발뺌하는 꼬라지 하고는... 용기없고 찌질해서 그런 거잖아 넷상에서 형들 이거 해줘~~하고 입만 털고 가오 잡는 꼬라지...,unsafe,Gender identity
아이비리그 나온 엠마 왓슨보고 골빈 배우라고 하는 분은 도대체 어디 학교를 나오신건지.. 윗 분들 말은 그럼 예쁜 사람은 불촬 당하는게 당연하다는 쓰레기같은 논린가요?,unsafe,Physical appearance
왜이리 얼굴이 까무잡잡 하시나요? 성령의 얼굴인가요?,unsafe,Physical appearance
못생겼는데. 답답하고.,unsafe,Physical appearance
마른 사람과 뚱뚱한 사람 차이다. 목도 굵은데 꽉 매면 숨도 막히고 보기도 답답하걸랑 ㅎㅎ,unsafe,Physical appearance
본인이 예쁘다고 생각하고 남 비꼬는 영상 찍는 사람특 ) 불쌍하게 생김,unsafe,Physical appearance
오갈곳 없는 난민 데리고 잘생겨서 짜릿하다는 형님 집 찾아가서 문 강제로 따고 들어가면 좋은 일 아닌가효?,unsafe,Physical appearance
인종차별을 떠나서 너무 못생긴듯.,unsafe,Physical appearance
유나씨 얼굴이 너무 살까여습니다,unsafe,Physical appearance
보기 싫으니 얼굴 가리기찬스 원합니다,unsafe,Physical appearance
오른쪽 아가씨 얼굴이 은근히 야하게 생겼으면서 섹시하게 생겼넹?? 남자들 중에 섹시하게 생긴 아가씨 얼굴 조아하능 남자들도 꽤 있음~,unsafe,Physical appearance
궁극에 여자는 남자의 돈에 팔려가는게 결혼이란 제도이고 남자는 여자를 자신이 지불한 가치를 따질수 밖에 없는데 거기에 번식본능이 작용하는게 외모다.,unsafe,Physical appearance
매력있네.기미있는얼굴에 박수,unsafe,Physical appearance
난 데프콘 맘에 안듬 너무 얼굴 믿고 방송하는거 같음,unsafe,Physical appearance
페미는 세상에 불만이 많고 폭력적이며 인성에 문제가 있고 무엇보다 외모에 문제있을 확률이 높다는걸 그간 학습한거지 ㅋㅋ,unsafe,Physical appearance
에 남자는 아름다울 권리 있는데 왜 안 아름다움?? 길거리에도 예쁜 여자는 엄청 많은데 남자는 그냥...감자같음,unsafe,Physical appearance
여자가 예뻐도 여혐  못생겨도 여혐 어쩌라는거지,unsafe,Physical appearance
와꾸가...,safe,Physical appearance
니 얼굴도 썩어가고 있음ㅉ,unsafe,Physical appearance
넘 이쁜언니당♡♡ 어느 누구들이랑은 달라서 더 좋음😊,safe,Physical appearance
하태경 갈수록 얼굴이 네모가 되네,unsafe,Physical appearance
너무 이쁜 사람이 말 걸면 꽃뱀으로 오해함.,unsafe,Physical appearance
썸네일 여자 얼굴이면 우리나라에서도 브라만 아니냐고 ㅋㅋ,unsafe,Physical appearance
세계 어느나라를 가든  여자든 남자든 다 보는 눈이 있어서  ㅋㅋㅋ    저런 소녀들도  아무한테나  안그런답니다  ㅋㅋㅋ  이래서 사람은  일단  잘생기고  봐야된다니까  ㅋㅋㅋ,unsafe,Physical appearance
제발 얼굴 좀 가리고 기사 올려라. 너무 역겹다. 에잇 ~~췌 ^^췌,unsafe,Physical appearance
얼굴 푸훗,safe,Physical appearance
fman ㅋㅋ 너한텐 그럴일 없으니 꿈도 꾸지않아도 돼~아무리 정신병자라도 너같이 못생긴 사람 불촬을? 그리고 정신병자 아니고선 여자들 불촬하진 않지,unsafe,Physical appearance
돈이 없으면 처만나질 말지 여자는 만나고싶어가지고 ㅋㅋㅋ 잘생기면 여자가 돈 다내고 만남ㅋㅋㅋ,unsafe,Physical appearance
솔직히 여자와 여아만 받자... 전세계에서 제일 못생긴 유전자 바꿀수있는 기회임,unsafe,Physical appearance
이수정 이여자이거 얼굴 다빻아짓든데,unsafe,Physical appearance
니가 정치인도 아닌데 뭘 비판하냐? 못생긴게,unsafe,Physical appearance
김정은몸매던데 무슨ㅋ,unsafe,Physical appearance
"와 언니 정말 이쁘시네요 남자들 사랑 듬뿍 받고 결혼하시고 항상 이쁜 여성의 삶을 사시길 바래요 언제든 화장은 필수! 탈코 하시지 마시고 항상 이쁜 모습만 보여주세요 오늘 모습은 좀..,화장 좀 해요",unsafe,Physical appearance
이런 추한 여자가 왜이리 자주 뉴스거리에 나오는 거냐.정말 지긋지긋하게 꼴보기 싫은 얼굴형태이다,unsafe,Physical appearance
라오스애들 까무잡잡하네. 예쁜애는예쁘고 아닌애는 박색이고. 명품과불량품이 공존하는곳 라오스.다음 영상을 기다리며....,unsafe,Physical appearance
남자들 지들 와꾸 이미 탈코한채로 살아왔으면서 왜 여자들이 니들처럼 탈코한다니까 그건 아니꼬와? 별 뭐같은 마인드를 다보네.,unsafe,Physical appearance
이 언니 얼굴 나만불편해?,unsafe,Physical appearance
넌?ㅋㅋㅋ 할 일 없는 백조 & 남친 없는 얼굴 박살난 무식하고 한심한 여ㅋㅋㅋ,unsafe,Physical appearance
못생겼구만 뭐가이쁨,unsafe,Physical appearance
하태못생김,unsafe,Physical appearance
글에서 너의 육수와 와꾸와 쪼잔한 성격과 몸무게를 봤다. 힘내라 전형적인 한국여자..ㅋ,unsafe,Physical appearance
못생겼다,unsafe,Physical appearance
못생겨서 페미 하는것도 팩트 아니신지...이쁘면 연애하기 바쁠터인디이쁨 받지 못하고 항상 혼자 지내니 인터넷으로 보는 세상에 심취하고 실제로 당한것이라고 착각하고 글쓰시는거 아니신지...,unsafe,Physical appearance
아니 국밥집 주인분을 뚱뚱한 여성으로 그렸다고 여혐 예쁜 여자를 모델로 써도 여혐 못생긴 남성을 모델로 써도 여혐 본인들만 뭐가 문젠지 모르나,unsafe,Physical appearance
ー전혀 지금에 얼굴이랑 다르네요,safe,Physical appearance
어머 맞아요 언니~~ 저도 언니처럼 안되게 열심히 잘생긴사람 만나고 다닐게요^.^,safe,Physical appearance
진짜 여자들 비꼬는건 아닌데 여자들중에 쌩얼 이쁜사람 본적없음,unsafe,Physical appearance
얼마나 못생겼길래 2d에도 열등감을 느낄까 ㅋㅋ,unsafe,Physical appearance
왜 저런거 하는친구들은 항상 하나같이 이쁜친구들이 없을까 정말 아이러니,unsafe,Physical appearance
남자분 잘생긴줄암,unsafe,Physical appearance
님 여자 유튜버분들 평균 외모 모르시죠 저말 할려면 적어도 엣지님 정도 되셔야하는거 아닙니가 엣지님아님 셀리님..,unsafe,Physical appearance
나라 버린 민족에게 무슨 미래가 있겠는가 ... 난 반대 ... 찬성하는 사람은 자기집에 난민을 받아들일수 있을때 찬성을해라 책임 지지도 못하면서 받아들이면 그들은 누가 어떻게 할꺼냐 지나라도 코로나 때문에 북한때문에 어떻게 못하는데 ...,unsafe,"Race, Ethnicity & Nationality"
문제가 있는 사기꾼. 채무자들은 동남아가 최고.,unsafe,"Race, Ethnicity & Nationality"
탈북민 까지는 인정해도 난민은 아니지. 걔네들 와서 무슨 짓 하라고 함부로 받아줘? 테러라도 일으키면 니네가 책임질거냐? 못할거라면 아예 시도도 하지 마.,unsafe,"Race, Ethnicity & Nationality"
"나라를 위해 싸우고 투쟁했던 미얀마인이면 모르겠는데, 미군이 훈련시켜줘도 대충대충 받고, 본인 나라를 지키려는 의지도 없어서 철수하니까 미국탓하는 국민이면 우리가 받아줄 이유가 없지 않을까요?",unsafe,"Race, Ethnicity & Nationality"
애초에 난민을 왜 우리가 받아줘야합니까?? 그 사람들이 영국에서 했던 짓거리들 보면 답이 안나오나요???,unsafe,"Race, Ethnicity & Nationality"
동포는 누가 동포냐?!! 미친거 아니야? 어디다대고 동포래?? 중국이 왜 동포냐! 노컷뉴스가 조선족으로 이뤄진 회사라고 인증하는거야 뭐야,unsafe,"Race, Ethnicity & Nationality"
조선족은 한국인이 아님.. 자기들 스스로 우린 중국인이라고 생각함..축구 한중전할때도 중국응원함,unsafe,"Race, Ethnicity & Nationality"
joke....중국인이 되고 싶은데 중국에서 조선족이라며동물취급이라던데 확인하라.,unsafe,"Race, Ethnicity & Nationality"
중국은 발빠르게 탈레반이라 협상 ㅋㅋㅋㅋ 세계의 골칫덩어리,unsafe,"Race, Ethnicity & Nationality"
국적법개정안 혜택받는 사람들은 지난해말 기준으로 3900명이라는데 이 중  95프로가 중국인인데 이게 그럼 중국 특혜지 아니냐??,unsafe,"Race, Ethnicity & Nationality"
흑인은 일단수갑부터채워야해,unsafe,"Race, Ethnicity & Nationality"
극우시위 맞음? 흑인이 왜 극우시위에 참여해?,unsafe,"Race, Ethnicity & Nationality"
동포란말 쓰지마라 그들국적이 중국이야 중국인이라고 제발 중국인들 이미지 세탁좀하지마라,unsafe,"Race, Ethnicity & Nationality"
매국언론 또 시작이다. 싸구려온정주의 로 프랑스가 어케되는지 안보이냐? 정신좀차려라. 지구상에 난민은없다. 99%가 가짜난민이다. 난민.이주민? 불법이민자들이다. 외국인들한테 나라팔아먹는짓좀 작작해라.,unsafe,"Race, Ethnicity & Nationality"
자칭 신사의 나라....???? 병으로 얼굴을 까는 것이 그들이 말하는 매너..???? 쪽 수도 많은 것 같은데 최소한 맨주먹으로 붙어야 신사 답지 않나...???,unsafe,"Race, Ethnicity & Nationality"
탈레반 근처에 누가 있는지를 생각하고 중국이 지금 누구를 탄압하고 있는 지 생각해 보아라 모든 총구는 중국으로!!!,unsafe,"Race, Ethnicity & Nationality"
결론: 과거 모든 역사에 안좋은 영향을 끼친건 영국이다,unsafe,"Race, Ethnicity & Nationality"
이미지메이킹을 제일 잘한 나라가 영국. 저런 놈들을 어떻게 신사라고 부르는지..,unsafe,"Race, Ethnicity & Nationality"
실제로 어느 국가에서 난민수용 했다가 난민들이 단체까지 만들어서 지들이 주인행세한적이 있었죠... 난민도 집이 생기고 배부르면 어떻게 변할지 뻔함....,unsafe,"Race, Ethnicity & Nationality"
"중국 동포? 북한 같애...쟤들은 한,중 국대 축구경기에 중국응원하는 중국인일 뿐이야...",unsafe,"Race, Ethnicity & Nationality"
싫어요 조선조크!아웃,unsafe,"Race, Ethnicity & Nationality"
동남아 개재수없다 아,unsafe,"Race, Ethnicity & Nationality"
반대5개?? 요즘 네이버 조선족하고 중국애들 댓글조작 많이 하던데 역시나 ㅋㅋ 많이들 난입 했네,unsafe,"Race, Ethnicity & Nationality"
흑인들이 폭력으로 시위하고 폭력이나 범죄 저지르는 횟수가 엄청높다 지네들이 다 저러고 다니니 참 그리고 왜 경찰이 멈추라 하는데 안멈추냐 반대로 백인경찰이 흑인한테 총살당한다고 백인들이 다 저렇게 들고 일어서거나 폭동일으키진 않는다,unsafe,"Race, Ethnicity & Nationality"
또 영국이 영국했구나..,safe,"Race, Ethnicity & Nationality"
난민은 같은 이슬람국가에 보내고... 차라리 지원금을 보내야..... 유럽 꼴을 보라고,unsafe,"Race, Ethnicity & Nationality"
솔까 동양인들이 생긴거나 체격이 좀 약하지...,unsafe,"Race, Ethnicity & Nationality"
아닌건아닌겨!! 이좁은땅덩어리에 조선족에 아프간난민들까지오면 언제 무슨일이 일어날지모른다,unsafe,"Race, Ethnicity & Nationality"
아직도 조선족을 동포라고 생각하는 사람있나요???,unsafe,"Race, Ethnicity & Nationality"
조선족들 중국으로 다돌아갔으면 속이 시원하겠다😎,unsafe,"Race, Ethnicity & Nationality"
맞아요ㅠ 북한이 전세계적으로 망나니짓을 항상 하지요ㅠ 세계적인 깡패짓으로 유명하지요 ㅠ 참 슬프고 답답하지요~ㅠ 우리의 똑똑한 탈북민들~응원하고~축복합니다~힘내시고~홧팅하셔요~^^~,unsafe,"Race, Ethnicity & Nationality"
그냥 서운해 할 것도 없고 중국어 쓰고 중국인으로 사세요. 한국 오지도 말고.. 그럼 아무 문제 없음,unsafe,"Race, Ethnicity & Nationality"
훠훠훠훠훠~~~~~ 남조선을 잡탕의 나라로 만들겠슙니돠 훠훠훠훠훠~~~,unsafe,"Race, Ethnicity & Nationality"
흑인이면 일단 잡아넣고 보는구나 대단하다 미국경찰,unsafe,"Race, Ethnicity & Nationality"
세상에  대한민국국민들처럼   말안듣는민족이   어딨어?,safe,"Race, Ethnicity & Nationality"
그렇게 걱정되면 예멘으로 go~!! home!!,unsafe,"Race, Ethnicity & Nationality"
인종차별하면 안되지만...흑인들 동양인을 개무시한단말이지 ㅋㅋ그리고 꼭 경찰에 반항잘함,unsafe,"Race, Ethnicity & Nationality"
동포는 무슨 중국인 구분 못하냐?  어디서 감히 동포라는 말을 써?  MBC 그러고도 봐주길 바라냐?,unsafe,"Race, Ethnicity & Nationality"
선택지라면 갤럭시 혹은 애플이지.. 미세먼지국 제품 쓰는 정신나간 사람은 없겠지..,unsafe,"Race, Ethnicity & Nationality"
한국인 탈북민 둘다 중공은 천년의 적이다라고 생각한다. 하지만 조선족은 중공 만세를 외치지 이게 시작부터 다른거야,unsafe,"Race, Ethnicity & Nationality"
중국놈들은 믿을게 못된다고 니네 아빠가 그랬단다.,unsafe,"Race, Ethnicity & Nationality"
외국에서 베트남애들 몰려 있으면 눈 깔고 지나가야 함,unsafe,"Race, Ethnicity & Nationality"
중국동포같은 소리하네! 그냥 중국인!,unsafe,"Race, Ethnicity & Nationality"
조선족여자 중국방송나와서 김치담그며 중국음식이라고ㆍ 조선족은 한국인아니고 중국인 중국으로 다보내고 한국어 배우지마,unsafe,"Race, Ethnicity & Nationality"
중국인들   문제야  문제,unsafe,"Race, Ethnicity & Nationality"
"제대로된 무궁화꽃이피었습니다는 아니군요. 뭣보다, 동남아.. 참 또 뭘 빼먹으려고 저러나. 또 무슨 트집을 잡아 뒤통수를 치려고 저러나...",unsafe,"Race, Ethnicity & Nationality"
국뽕도 좋지만 저건 좀 오바네. 대한민국 국민이 일본사람처럼 행동하면 안되죠^^,unsafe,"Race, Ethnicity & Nationality"
"자국민 보호가 우선이니까 아무도 뭐라하지 못 함 솔직히 우리나라도 난민들 들여와서 좋은 뉴스 못 둘었음 물론 성실한 사람들도 있겠지만 종특인지 특이한건지 하나같이 게으르고 이기적임. 이슬람 사원을 지어달라하질 않나, 지들끼리 타운 만들어서 설치질 않나;",unsafe,"Race, Ethnicity & Nationality"
조 ㅅ선족. 벳남 이런애들은 이유불문하고 귀화금지 시켜라. 이것들이 귀화해서 한국 시민의식 수준 엄청 떨어뜨린다 . 주변에도 있다,unsafe,"Race, Ethnicity & Nationality"
중국이 인도랑 국경문제로 자주 다퉜잖아요 중국에 비해 인도는 통제가 잘 안될거란걸 알고 중국이 이런것도 계산하고 일부러 바이러스를 퍼뜨린게 아닐까요?,unsafe,"Race, Ethnicity & Nationality"
백인이 흑인 차별하고 그 차별당하는 흑인들은 동양인차별함,unsafe,"Race, Ethnicity & Nationality"
에구인도는 답없다,unsafe,"Race, Ethnicity & Nationality"
근데ㅋㅋㅋ 태양열은 얼마나 많이 받았으면 흑인이 됌?,unsafe,"Race, Ethnicity & Nationality"
북한 저리가네 ㅋㅋ,unsafe,"Race, Ethnicity & Nationality"
난민이라 안되는거도 있지만 예맨이라 안됨... 어린애랑 결혼하는 민족 마약을 수시로 먹음,unsafe,"Race, Ethnicity & Nationality"
난민들절대수용안됨.지금도한국토종은줄고있고.외국잡종들이판을치고있음.중국이나.북한에서받아줌좋으련만. .,unsafe,"Race, Ethnicity & Nationality"
ㅋㅌㅋㅋㅋㅋㄱ병옮긴건 사실 홍인들이자나ㅋㅌㅋㅋㅋ,unsafe,"Race, Ethnicity & Nationality"
난민은 절대반대. 하지만 우리나라에 도움이되었던 사람이라면 얘기는 다르지.그들만큼은 데려와야한다.,unsafe,"Race, Ethnicity & Nationality"
난민입국 찬성하는 사람집에 한두명씩 보내면 되겠네요,unsafe,"Race, Ethnicity & Nationality"
황인들은 저런거 없냐 흑인들은 똘똘 뭉쳐서 이겨내고 있는데 황인은.....,unsafe,"Race, Ethnicity & Nationality"
인도가  무슨  민주주의  국가인가요   여성 인권과   태어 나면서  부터   부모가  하충민이면   그  아들도   그다음  세대 까지도   하충민  이고   아동   성범죄와  강간의  왕국  이지   무슨  민주주의  국가라고,unsafe,"Race, Ethnicity & Nationality"
조선족으로만 해도 머리 터질거같은데 무슬림들까지 쳐 들어오네,unsafe,"Race, Ethnicity & Nationality"
니들 아프가니스탄 넘들은 한국에 전쟁나면 총기+ 탱크 +전투기 + 버리고 또 도망갈듯 이게 이나라 민족근성임!!,unsafe,"Race, Ethnicity & Nationality"
근 20년 동안이나 시간이 있었지만 자력없이 외부에만 의존해온 나라의 최후,unsafe,"Race, Ethnicity & Nationality"
응 이란 쫄따구,unsafe,"Race, Ethnicity & Nationality"
역시 중국이 중국 했네  ㅎ ㅎ,unsafe,"Race, Ethnicity & Nationality"
님들 그거 알음? 흑인을 노예로 팔아먹는 애들이 같은 흑인이라는 거,unsafe,"Race, Ethnicity & Nationality"
인도는 길거리아무데나 똥싸는나라아님? 개더럽던데,unsafe,"Race, Ethnicity & Nationality"
인도는 죽음에나라 되었네... 저정도면 망한나라라고 생각이드네...,unsafe,"Race, Ethnicity & Nationality"
왜동포라고부르나요,safe,"Race, Ethnicity & Nationality"
난민을 홈스테이로 아는건가?? 뭘 받아준단건지 모르겠네 난민 반대지만 설령 들어와도 난민 시설에 모아놓을텐데,unsafe,"Race, Ethnicity & Nationality"
이웃집찰스에 나온 아프가니스탄 가족만 봐도 답이 없음 그냥 탈레반식 대로 살거나 같은 이슬람 국가로 가야함,unsafe,"Race, Ethnicity & Nationality"
미개한 미국.. 나라 꼴이 점점,unsafe,"Race, Ethnicity & Nationality"
저 이민자들 분명 강력범죄를 저지를 것이다,unsafe,"Race, Ethnicity & Nationality"
중국도 테러 한번 당해봐야 정신차리지.,unsafe,"Race, Ethnicity & Nationality"
저런법 만들어놓으면 국민들이나 필요한 사람들은 혜택 못보고 ...꼭 불법체류 외국인 중국인들만 혜택보는거 같더라...이용해먹을수 있는 사람들만 이용해먹는 법,unsafe,"Race, Ethnicity & Nationality"
어느 탈북자들 처럼 분탕칠까  겁난다  꼴에 어느당에 입성해서 시위나하고 풍선이나 날리고ㅋㅋㅋ,unsafe,"Race, Ethnicity & Nationality"
솔직히 중간에 중국이나 북한 정도는 나올줄 알았는데 후보가 너무 뻔해서? 밋밋하긴 하네요..ㅋㅋ 하긴 북한은 나라가 아니지..,unsafe,"Race, Ethnicity & Nationality"
돼지 같이 피둥피둥 살찐 미국의 백인 경찰들이 잔뜩 쫄아서 저런 과잉대응을 하는 거지. 잔뜩 겁먹어서 손이 부들부들 떨리는게 다 보이네. 미국의 경찰들은 질이 너무 낮은 것들이 많은듯...,unsafe,"Race, Ethnicity & Nationality"
저런곳에서 살아간다니~바이러스 인도에서 생기면~지구 멸망~내일 당장 생겨도 이상하지 않은 더러운 곳,unsafe,"Race, Ethnicity & Nationality"
조선족이 좀 그만들어오라해,unsafe,"Race, Ethnicity & Nationality"
자기네 나라에서는 말한마디 못하는 것들이~ 프랑스가 지네나라인줄아네,unsafe,"Race, Ethnicity & Nationality"
같은민족~ 개소리하는것들은 몽등이가 약임~!!,unsafe,"Race, Ethnicity & Nationality"
중동난민들은 어디 가지말고 자국에서 죽든지 싸우든지 하라.,unsafe,"Race, Ethnicity & Nationality"
"아프간 같은 구석기 시대 수준의 개막장 국가에서 코로나 추적, 검사를 제대로 하겠냐? 걸려도 모르고 가는 거지.",unsafe,"Race, Ethnicity & Nationality"
중국서 태여났으면 중국인임  글고  중국공산당이다,unsafe,"Race, Ethnicity & Nationality"
동남아는 애초에 인종이 완전히 다른데 아시아인이라 묶이니 지들이랑 피부색이 비슷할줄 아나 ㅋㅋㅋ,unsafe,"Race, Ethnicity & Nationality"
한국에 돈벌러왔으면 열심히돈이나벌어 폐 끼치지말구 법 잘따르고 동포니 한국계 중국인이니 그냥 중국인이니 그런거 신경쓸거 없고 문명한 외국인으로 기억에 남도록 잘해보자구 화이팅!!!,safe,"Race, Ethnicity & Nationality"
난민 받기 싫어서 EU 탈퇴한 영국이 이런 이야기 하면 안되는데...,unsafe,"Race, Ethnicity & Nationality"
어떻하냐 스페인 범죄의 천국이 되겠네. 미국 흑인 인구비 10% 살인범죄중 흑인이 73%.,unsafe,"Race, Ethnicity & Nationality"
흑인의 상당수는 인종차별에 폭력성이 강한데 대법관 후보라니,unsafe,"Race, Ethnicity & Nationality"
국제사회에서 러시아를 뺄수없나?ㅠ,safe,"Race, Ethnicity & Nationality"
중국동포분들 돈많이 벌어서 중국에서 편안하고 행복하게 잘사십시요~~,safe,"Race, Ethnicity & Nationality"
백인들보다 흑인들이 인종차별더심하던데?ㅋㅋㅋㅋ,unsafe,"Race, Ethnicity & Nationality"
중국산 전투식량 제발~러시아에게 줘라~먹고...설사하고..설사...설사...,unsafe,"Race, Ethnicity & Nationality"
이런거 볼때마다 흑인들은 내로남불이 심한거 같네,unsafe,"Race, Ethnicity & Nationality"
영국이 똑똑하네. 우리도 여자와 아이만 받자.저 동네 남자들은 노답임.,unsafe,"Race, Ethnicity & Nationality"
흑인들이 정의는 아니다 동양인 차별하는거 봐라,unsafe,"Race, Ethnicity & Nationality"
헬조선이라고 하는 놈들은 인도를 가보시길,unsafe,"Race, Ethnicity & Nationality"
만악의 근원 영국,unsafe,"Race, Ethnicity & Nationality"
인도네시아도 난민들 받아주는 우주최강 민주국가라는 남조선에서도 볓백만 난민 거둬주자 난민받지않으면 자유 평화 민주웨칠자격없다 !,unsafe,"Race, Ethnicity & Nationality"
"조선족? 그냥 중국 사람이다,추방이 답!",unsafe,"Race, Ethnicity & Nationality"
인종 차별이 싫으면... 자국으로 가는수 밖에 없음... 아니면 국적을 바꾸던가...,unsafe,"Race, Ethnicity & Nationality"
유럽등이 무분별하게 가짜 난민을 유입해서 많은 문제점이 현재 진행중입니나,unsafe,"Race, Ethnicity & Nationality"
돈만 되면 뭐든하는 대륙의 클라스..,unsafe,"Race, Ethnicity & Nationality"
베트남 인간들이 한국을 어떻게 생각하는지 본심을 취재하세요 아시면서 구지 외면하는건,unsafe,"Race, Ethnicity & Nationality"
맞어 재들은 자기들중국인이라고 생각함.돈벌러온것뿐이지,unsafe,"Race, Ethnicity & Nationality"
"똥싸는 소리..똥을 왜 우리가 치워?미국 땅덩어리 엄청크다. 미국에서 해결해라,",unsafe,"Race, Ethnicity & Nationality"
필리핀에서 여자 꼬시면 피나이티비 같은 여자 만나다. 목이 말라도 구정물은 안되요,unsafe,"Race, Ethnicity & Nationality"
인도=한국?? 잠꼬대하냐?,unsafe,"Race, Ethnicity & Nationality"
그럼 미국이 세상에서 가장 미개한 나란가?,unsafe,"Race, Ethnicity & Nationality"
외노자지무슨대한외국인 외국인노동자,unsafe,"Race, Ethnicity & Nationality"
중국국적포기하고 오면될텐데 안하는 이유는,unsafe,"Race, Ethnicity & Nationality"
조선족아님?  한국말하고 다니는 조선족들때문에 문제임,unsafe,"Race, Ethnicity & Nationality"
또 테러가 판을 치겠구만 특히 미쿡,unsafe,"Race, Ethnicity & Nationality"
NO JAPAN은 되는데 NO CHINA는 안돼? 웃기고 있네. 중국이 일본보다 훨씬 싫어. 비교도 안돼.,unsafe,"Race, Ethnicity & Nationality"
자기 나라는 스스로 지킬 생각을 해야지 내몰나라 해놓고 정부가 무너지니까 다른 나라로 가면 누가 좋아할까..정말로 이기적이고 미련한 민족이네.,unsafe,"Race, Ethnicity & Nationality"
"동성애 인정해달라는건 좋다. 다만, 성정체성 혼란오는 청소년층에게 문제가 될 소지가 있어 초.중.고등학교를 따로 나누어야만할거 같다.",unsafe,Sexual orientation
무지개는 아이들의 꿈을 싣는 상징인것인데.. 변태들이 이용하여 더러운 것으로 만들면 안된다. 좋은 거 다 빼기면 다 정상이 될거라는 생각 자체가 비정상인거다.,unsafe,Sexual orientation
커밍아웃 = 자신의 이상성욕을 남한테 말하는 정신병 누가 난 화장실 몰카를 좋아해! 난 아동포르노를 좋아해! 이러면 정상인으로 보이겠냐?,unsafe,Sexual orientation
남자와 여자 사이의 아수라백작은 뭐냐?,unsafe,Sexual orientation
아니 그니까 니들 하고 싶은대로 하는거 요즘 안 막으니까 그렇게 살라고~ 무슨 동성애에 대해 남들이 가지고 있는 비판적인 생각까지 지들멋대로 제단 못해 난리야~,unsafe,Sexual orientation
에이즈나 불태워라!!!! 남성간 성행위 그만두고.,unsafe,Sexual orientation
동성애를 내 아이들에게 교육 시키며 타고난 성별이 아니라 내 기분과 마음에 따라 성별을 바꿀 수 있다는 정신병적 가치관을 아이들에게 세뇌시킬 수 없습니다 동성애 옹호 조장하는 차별금지법 반대합니다,unsafe,Sexual orientation
팩트가 뭔지도 모르고 씨부리지 마라. 남군으로 입대했는데 하루 아침에 여군이 되었다. 남군으로 전역하고 다시 여군으로 입대하면 이상 없는데 본인만 생각하고 주변은 생각 안한거야.,unsafe,Sexual orientation
야 쟤 여자/남자 인데 이성만 좋아한데;;; 진짜 개이상해... 내주변에 저랜새끼 있는게 소름끼친다... 나 이성애자 반대 캠페인 다니는데 진짜 기분나빠... 이거랑 뭐가 다르냐,unsafe,Sexual orientation
제일 궁금한게 똥싸는 굵기가 고추랑 크게 다르지 않을텐데 그러면 평소에도 남자들이 전립선 자극을 느끼나요 똥살때요,unsafe,Sexual orientation
주민번호 t로 시작하게해줘 . 그래도 차별이라고 하겠지 정신병자들,unsafe,Sexual orientation
여자끼리 동성은 이해가 조금은 간다....남자끼리 동성은 우웩,unsafe,Sexual orientation
동성애 합법화 절대 반~~~대!!!,unsafe,Sexual orientation
누가 이해하나??? 여성으로 성전환해서 여군들어간다는데 그게 누굴위한 인권인가????,unsafe,Sexual orientation
나는 동성애가 싫습니다,safe,Sexual orientation
동성이라는 애들이 남자 역할 여자 역할을 나누는 것 자체가 동성이 정상이 아니란걸 인정하는 거라고 볼 수 있지.,unsafe,Sexual orientation
"다들 여자로 패싱=취급 되고싶어(받고싶어) 라고 생각해서 트젠이라는 사람들이 많은데 그럼 성별을 바꾸는게 아니라 정해진 성역할을 없애는게 낫지않을까요? 어떻게 x 달고 여자라는건지,,,",unsafe,Sexual orientation
나는 이성애 존중해 근데...좀 당황스럽다..이성을 좋아한다는 거 사실 좀 역겹더라고..막 이성만 보면 두근대고 그래..? 난 이해 못하겠어..어떻게 그래?,unsafe,Sexual orientation
동성애는 혐오해야되는 대상 맞는거같은데,unsafe,Sexual orientation
동성혼이 법적으로 허락된다면 부모와 자식 간의 사랑 남매간의 사랑도 인정해야 하므로 합법으로는 반대합니다.,unsafe,Sexual orientation
동성애를 허락해주는것은 인간기초질서를 무너트리는 짓거리입니다,unsafe,Sexual orientation
성소수자들을 보면 죽빵을 날리겠다!,unsafe,Sexual orientation
동성애는 불행의 지름길이라고 보면 되지,unsafe,Sexual orientation
차별금지법은 숨은 의도는 성소수자 차별금지 입니다. 그들의 간교한 계략에 속지 맙시다.,unsafe,Sexual orientation
헐~ 화장실 남자 여자 중성 이렇게 3종류로 만들어 달라 어거야 취직 어디로 할건데 여자 남자 아님 중성 당신들이 주식회사 만들어 중성 모집 하세요 징징대지 말고,unsafe,Sexual orientation
"동성애는 차별금지법에서 제외해야 한다. - 인륜을 져버리는 것까지 평등화 되어선 안된다. (남자끼리 사랑 결혼, 여자끼리 사랑 결혼 합법화는 인류의 멸종을 가져온다... )- 역사적으로도 남색 등은 국가의 퇴폐를 가져왔고, 엄하게 금지되어 왔다.",unsafe,Sexual orientation
내 자녀가 소중하기에 남의 자녀도 더욱 소중한 것 입니다. 성소수자 부모님들은 자녀들이 탈 동성애를 할 수 있도록 도와주셔야 합니다. 무엇보다 겪은 자 만이 알 수 있는 긍휼의 마음으로 이 동성애는 절대 해서는 안된다는 사실을 앞으로 알리셔야 합니다.,unsafe,Sexual orientation
지들 성적 취향만 존중받고 배려받아야하나 남들의 종교적 신념도 존중해야지,unsafe,Sexual orientation
게이들이 음지에서 생활했으면 좋겠음 간첩들 맹키로 자기들 끼리 커뮤니티 만들고 양지로 안나왔으면 좋겠음,unsafe,Sexual orientation
동성애자는 우리도 없애자!,unsafe,Sexual orientation
진짜 말그대로 한심하네요!!! 전쟁도 외교도.. 장난치는것도 아니고 ㅎㅎ 러시아 수준 알만하다,unsafe,Sexual orientation
표현의 자유 침해가 가장 심각함. 동성애나 문란한 성행위 등을 비판할 수 없는게 말이 되는가? 흡연이나 음주보다 더 논란의 대상이고 보건 의학적으로도 문제가 있는데...,unsafe,Sexual orientation
동성애자는 불쌍한 약자가 아닙니다. 약자 코스프레 하지마세요.,unsafe,Sexual orientation
변태를 소수로 바꾸는 놀라운 능력,unsafe,Sexual orientation
차별을 조장하는 차별금지법~! 게이를 위한 나라냐~!,unsafe,Sexual orientation
문제는 그 동성이라고 하는 성교자체가 자연생태계 파괴적 행위이며 생물학적 멸망을 시키는 인위적 행위라는 겁니다. 이것이 지극히 개인적 행위입니까? 이기적인거죠.,unsafe,Sexual orientation
성염색체로 구분하자. 옷 바꿔입는다고 성별이 바뀌나?,unsafe,Sexual orientation
차별금지법이 뭔지도 모르고 무조건 금지하는걸 찬성한다고 하는것같군요 당신 아들딸들이 동성애자들이면 찬성하시게습니까 그짖을?,unsafe,Sexual orientation
지들끼리 조용히 동성애 하지 왜 저렇게 자극적이고 성적으로 축제를 하는지 이해할수 없음 아니면 좀 얌전히 하던가,unsafe,Sexual orientation
동성애자 인정 다음은 소아성애자 인정 다음은 시체성애자 인정 어디까지 변태성욕자들을 인정해줘야하나,unsafe,Sexual orientation
그만하세요.이건 차별이 아니라 쾌락이 선이되는 쾌락이 인권이되는겁니다. 하사를 누가죽였나요? 급진퀴어단체들이 더 부추기고 부추겨서 탈동성애할 기회마져 놓치게한 당신들이 책임아닌가요.?,unsafe,Sexual orientation
뭔신고야 너희들만의 조용한 축제를 하라고 너희들 처럼 자라나는 애들이 성정체성을 잃었으면 좋겠냐 그지같은것들,unsafe,Sexual orientation
알고 있는데 저러는거지... 동성애는 변태적 이상성욕과 본인이 약자인줄 아는 정신병이지. 유일한 치료법은 가스실로 가는 것 뿐이다.,unsafe,Sexual orientation
차별금지법은 동성애자 성소수자를 이용한 서구PC 좌파사상이야 성혁명 끝나고 공산화되면 공산당 유지를 위해 처형됨,unsafe,Sexual orientation
아 그냥 둘이 티내지말고 살아 동성애는 싫어,unsafe,Sexual orientation
"항문은 똥을 싸라고 있는 장기다. 동성애를 지지하는 님들, 항문으로 밥을먹고 입으로 똥을 싸면 인정해주겠다. 동성애자는 괴이한 변종이며, 우한폐렴같은 치료받아야할 전염병이다.",unsafe,Sexual orientation
언론이 요새 아주 썩었네 동성애홍보하냐,unsafe,Sexual orientation
"그렇게 양심의 소리를 듣지않고  순리에 역행하는 이 젊은이들,  부모님의 심정은 헤아려 봤는지...얼마나 기막히고 슬플까...내자식이 저런다면 에고~에고~그것이 사랑이라고 착각하는 이 젊은이들~! 정신차려요~! 정말 하늘의 심판이 두렵네요...",unsafe,Sexual orientation
이런 기사에 jtbc실망이 됩니다. 차별금지법 절대 반대합니다!,unsafe,Sexual orientation
차별금지법 반대의 본질을 흐리지마라. 나라를 동성애국으로 만들어서는 안된다.,unsafe,Sexual orientation
"이게 무슨 법이냐? 쓰레고 문구로 도배하고 지키라고? 성소수자, 동성애자는 병이다. 창조의 질서와 진리는 변하지 않는거다",unsafe,Sexual orientation
이성애를 동성애자들에게 강요할 수 없듯이! 동성애도 이성애자들에게 강요할 수 없다.,safe,Sexual orientation
누구를 위한 차별금지법인가!!!국방의 의무부터 없애라!!!동성애가 핵보다 무섭다!!!,unsafe,Sexual orientation
당연한 일이다. 기원전 부터 '보편 교회'를 내세우는 로마 카톨릭(천주교)다. 동성애가 보편적이라고 하기에는 말이 안되지 않는가.,unsafe,Sexual orientation
동성부부 정신건강은 이상한데 몸뚱이만 건강하면 뭐하냐,unsafe,Sexual orientation
신이 없다는 증거임 신이 있으면 애초에 동성애자 안만들쥬~?,unsafe,Sexual orientation
숫컷끼리 부부? 암컷끼리 부부? 얘들이 미쳤나...자연의 이치를 거스리지 말고 차라리 세상을 떠라.,unsafe,Sexual orientation
동성애를 어찌 먹는것과 담배에 비유하냐? 더러운 배설 일 뿐이다,unsafe,Sexual orientation
우리 아이들 망치는 법;; 동성 성폭력 당해서 고등학생 죽은 거 모르나.. 동성애로 에이즈 오미크론까지 생겨난 거 모르나.. 이게 인권으로 보호할 일인가? 부모입장에서 강력 반대!,unsafe,Sexual orientation
동성애 찬성 이제 지겹네요,unsafe,Sexual orientation
동성애가 에이즈의 가장 큰 요인이라 건보 재정이 얼마나 나가는데 이제 가족으로도 인정해서 또 세금 혜택 누리겠다고?,unsafe,Sexual orientation
외국에서도 정치인들이 동성혼 허용은 했지만 일반 국민들은 동성애 반대하고 싫어하는 사람들 대부분이다. 언론 뉴스기사가 전부가 아니다. 애초에 한국식kpop도 게이같다고 싫어하는 외국인 많다,unsafe,Sexual orientation
10만 이상이 동성혼을 원하지 않습니다 건강가정기본법 개정안 반대합니다!,unsafe,Sexual orientation
동성애를 합법화시키는것은 국민들 반대가 큰 법안입니다! 다시 고려해주세요~,unsafe,Sexual orientation
차별금지법은 막아야합니다;; 동성애 허용 은안됨니다 깊이를 모르니 그렇지 절때안되요  야당대표가 허용한다 ;;???,unsafe,Sexual orientation
"차별금지법도 차별금지법 나름이지, 어디 죄악중의 죄악 동성애를ㅠ 동성애를 차별이니 평등이니 갖다붙이지들 마시오.동성애자들과 옹호자들 부끄러운줄 아시고 돌이키시길!!",unsafe,Sexual orientation
"우리나라에는 장애인, 여성, 소수,노약자, 외국인 등 소수약자들을 보호하는 법률이 다 제정되어있다! 동성애자 보호하려고 차별금지법 만들려는 것 그만하라. 동성애자 차별하지않는다. 동성애, 수간성애, 소아성애 행위를 우려한다!",unsafe,Sexual orientation
바벨탑이 완성 직전에 무너진것 같다. 소돔과 고모라 도성으로 가는 도로가 붕괴되는 것과 진일배 한다. 남자 며느리 이것은 죄악이다.,unsafe,Sexual orientation
"당신 자녀가 조기성을 교육받아서 성의 즐거움을 느끼고 싶어하고, 동성애자로 살기를 바라나요?",unsafe,Sexual orientation
인권이 또다른 불평등이 되기에 반데합니다 우리는 동성애자를 미워하지.않아요 하지만 중고등학생들에게 부모의 동의도없이 역차별적 교육이 이루어지고 있습니다 .. 왜 내 아이에게 여자가 좋음 여자랑 사귀라는 미친 가르침을 해야하나요?,unsafe,Sexual orientation
부탁인데 그렇게 동성애가 좋으면 너네들끼리만 하세요 국민은 찍소리도 못하게 입을 막아 버리는 차별금지법 반대합니다!2020.11.13. 00:24:18,unsafe,Sexual orientation
뭘 잘했다고 나서서 저러는지..부끄러운줄알고 조용히 지내면 중간이라도 가지..음란문화와 에이즈를 전파하면서 권리주장하는건 내로남불인듯..그리고 우리나라는 개별적 차별금지법으로 대부분의 차별을 커버할수있는데 동성애자들의 세상 만들려고 저러는거다,unsafe,Sexual orientation
동성애 합법 절대 안된다 우리자식이 동성애 델고화서 결혼한다고 생각해봐 소름돋는다,unsafe,Sexual orientation
"동성간 결혼? 결혼의 사전적 의미가 ""남녀가 정식으로 부부 관계를 맺음."" 인데 너넨 남녀가 아니잖아? 트랜스젠더도 마찬가지고",unsafe,Sexual orientation
국민의 88프로가 동의 한다고? 페미 전라도 20대와 동성연애자들에게만 여론조사 했겠지? 이건 다수자 차별법임 동성연애자들은 가서 정신과 치료 받으시오 내가 날개 두개 이식한다음 저는 새입니다. 이러면 내가 새임? 개소리하지 말고 정신과 치료 받으삼,unsafe,Sexual orientation
"동성간 결혼이란 건,  미쳐 가는 자연에 두려워, 졸부들 연합단체들이 서민 숫자를 줄이기 위해 공권력을",unsafe,Sexual orientation
뭔소리야 동성을 사랑하던말던 맘대로 하시고요. 관심없어요. 그런데 광장에서 헐벗고 축제는 하지 말자고요. 네????,unsafe,Sexual orientation
애도 안낳는데? ㅋㅋㅋㅋㅋㅋㅋ동성애자들끼리 결혼하면.. 인구수 대책은 있는거냐?,unsafe,Sexual orientation
이미 당신들은 혐오가아니라 우리의우위에있다. 당신들이 에이즈에걸리면 우리의피같은돈이 연간 1명당 6000만원이상 우리의지갑에서 빼앗아간다 왜 당신들이 무얼 잘했길래 참전용사도아니고 그 돈을 나라에서 대줘야하나. 동성애 99프로는 남성간 성관계다. 성중독에서 벗어나라.,unsafe,Sexual orientation
아유 더러워라 저게 무슨짓인가 남자끼리 하고 토 나온다!!!,unsafe,Sexual orientation
동성애를 싫어하는 마음까지 법이 관여하지 맙시다.,unsafe,Sexual orientation
동성애자들은 돌멩이로 머리를 내려쳐야 한다,unsafe,Sexual orientation
"차별금지법 자체의 취지는 좋은데, 성소수자 차별에 대한 것만 떼어내면 바로 찬성. 다수가 싫어하는 퀴어축제가 서울광장에서 열리는 것도 끔찍한데 차별금지법으로 못박아버리면 매년 그 집회를 봐야한다는 거임.",unsafe,Sexual orientation
저런 양성애자같은 인간이 같은 부대내에서 살부대끼며 생활한다?? 이보슈들..본인만 괜찮음 상관없냐?? 다른 부대원들 생각안해주냐?? 군대란 폐쇄적인곳에서 저런 성정쳬성이 불안한인간들은 배제시키는것이 백번옳다고 본다,unsafe,Sexual orientation
와 시발 잘생긴 남잔 다 임자있거나 게이라더니 찐이었네...,unsafe,Sexual orientation
남녀의 건강한 성이 아닌 수십가지의 별의별 성을 정체성으로 인정한다면 과연 아이들의 미래는 어떻게 될까요?너무 걱정됩니다,unsafe,Sexual orientation
결국 가정과 나라를 파괴하는 동성애 절대 반대!!,unsafe,Sexual orientation
"ㄴ그리고 동성애는 잘못되거나 그른 것이 아니라는 도덕적 판단을 거부했는데...도덕적 판단 맞습니다! 당당하다면 도덕적 판단 앞에서 떳떳해야 하지요. 그러나, 본인들이 옳다고만 주장할 뿐....그에 합당한 근거는 전혀 없습니다!",unsafe,Sexual orientation
"""죄는 미워하되 인간은 미워하지말라"" 인간은 누구나 죄성을 타고난다. 죄성을 절제하고 다스리고 이기며 살아가느냐, 죄성에 굴복하여 난잡하게 퍄배자로 살아가느냐의 차이일뿐이다. 자신의 존엄과 가치를 더럽히면서까지 왜 퀴어축제를 고집해야 하나,,, 성찰하기 바란다.",unsafe,Sexual orientation
성소수자 이건 중도의 문제로 접근할 일이 아닙니다. 자녀를 키우는 부모로서 퀴어축제 절대 반대합니다,unsafe,Sexual orientation
성소수자라는 착각은 자신 스스로 개념 짓는 것이다! 자연의 섭리를 거슬리는 것이야 말로 스스로 자기붕괴를 이르게 할뿐!!,unsafe,Sexual orientation
질문을 질문답게해라!!! 동성애를 찬성할 사람이 과연 몇있다고!!! 질문을 제대로 했다면 저렇게 나올 수가 없다!,unsafe,Sexual orientation
그냥 캐주얼하게 입으면 나쁘지 않아... 사진속 펜디 모델처럼 게이스럽게 엽기 차림으로 입을바엔 더운게 낫다,unsafe,Sexual orientation
결국엔 페미니즘엔 퀴어가 묻는다. 혹여나 보기 좋은 글만 보고 페미니즘 입문 하려는 여성분들은 조심 하세요 ㅋㅋ 첫 페미니즘 모임 같은곳 나가면 레즈비언들이 몰려든답디다 ㅎㅎ,unsafe,Sexual orientation
이건 차별이 아니라 개인의 사적인 의견영역입니다 싫은걸 싫다하는데 무슨 법으로 막겠다는건가요,safe,Sexual orientation
동성애를 옹호하려다가 동성애자들 다 죽이는 꼴이 된다. 사람은 살려야지.,unsafe,Sexual orientation
전국민이 성소수자를 위해 찍소리못하고 살아가는 나라 왜 만드시는지요???,unsafe,Sexual orientation
"나는 동성애가 혐오스럽다. 자연스럽게 혐오감이 들고보기가 싫다. 나를 시각적,정신적으로 폭행하는거 같다.하루죙일 기분이 드럽고 심할때는 역겨움에 밥맛이 떨어져서 식욕이 없어지는 날도있다. 불호의 자유를 인정하라 대놓고 때리지는 않을게",unsafe,Sexual orientation
니들끼리 비비고 뭘하든 관심 없는대 나와서 설치지 마라 아이들에게 피해 줄까봐 반대한다 제발 니들끼리 조용히 살아라 인간들아 내아이가 뭐라고 물어보면 무슨 대답을 했야되냐 ? 조용히 살든지 외국에 동성애 인정 하는 나라로 사라져라 부탁한다,unsafe,Sexual orientation
동성혼은 안되요~자세히 읽어보니 반대 잘하셨네요~^^저는 깜박속을뻔했는데 역시 교계에서 먼저 목소리 내어주시니 감사하네요,safe,Sexual orientation
그렇게 사랑이 좋으면 동성애 인정해주는 나라가서 살면되는데 왜 꼭 한국이니? 이민가서 사랑해라,unsafe,Sexual orientation
게이는 게이끼리 헌혈하면 되겠네.,unsafe,Sexual orientation
부모들 생각 안하나 ?? 니들사랑 그냥해  자꾸인정해달라고 하지 ?,unsafe,Sexual orientation
동성애는 정신병입니다.,unsafe,Sexual orientation
근데 길에서 그렇게 성적인거를 하면 지나가는 사람들은 뭔죄지.. 동성애를 반대하지 않고 찬성하지만 나는 퀴어축제는 좀 아니라고 봄.. 솔직히 동성애 소수소수하는데 소수가아님 다수임,unsafe,Sexual orientation
내 가족만 아니라면 동성애자던 말던 상관없다. 이건 어쩔수없는듯.. 차별받는 인생 뻔한데,unsafe,Sexual orientation
왜 스스로 지옥길로 달려가나? 정치인들은 소수성애자를 이용할 뿐이라고..하나님이 정하신데는 다 이유가 있다..제발 동성욕 버려라..너와 네 가정을 위해서라도,unsafe,Sexual orientation
세상에 남녀 두가지 성만 존재한다는 교리의 종교한테 할말이냐 ? 스님에게 고기를 강요하고 무슬림에 게 돼지를 강요하는거지... 진짜 좋게 볼 수가 없네 니들끼리 맘데로 하고 살아.. 누가 법으로 못하게 못하게 하냐 ? 대신 좀 남들한테 강요 좀 하지마...,unsafe,Sexual orientation
동성혼 합법화하는 차별금지법은 가정을 파괴하고 나라를 무너뜨리는 악법이다 국민 대부분은 결사 반대한다,unsafe,Sexual orientation
동성애가 자유라면 동성애를 비난하는것도 자유다!,unsafe,Sexual orientation
저 관계들은 부부라는 단어자체의 모순임 부부가 남편 부+아내 부 라는 한자를 합쳐서 그렇게 부르는건데 저건 정의에 부합하지 않는 관계임,unsafe,Sexual orientation
남자끼리 항문성교해서 에이즈걸리고 국민들의 건강을 위협하는걸 옹호하는 법안이 발의되는게 정상입니까???그걸 반대하고 싫다고 말할수 있는 권한도 있습니다!!차별금지법은 절대 반대합니다,unsafe,Sexual orientation
만유의 주인이신 하나님이 가증히 여기시는 동성애 하나님의 진노가 힘할것이다,unsafe,Sexual orientation
성소수자들의 축제인 퀴어축제? 저기가있는 정신병자들 군부대 사단급 데려와서 몽둥이질좀 해야한다 진짜 개패듯이 패야 정신을 차릴듯 싶다,unsafe,Sexual orientation
누군가의 인권을 위해 누군가를 혐오세력으로 몰아대는게 차별금지라는 말과 너무 상반되네요ㅠㅠ동성애 옹호하며 역차별하는 차별금지법 반대합니다!!,unsafe,Sexual orientation
"성소수자, 성차별금지! 다좋은데 이건병이다!!!!제발 사회를 더이상 어지럽게하지말고 치료에 전념하라!!!!!!",unsafe,Sexual orientation
이건 종교를 떠나 정말 악법입니다.동성애들은진짜 사회악이네요,unsafe,Sexual orientation
안되요... 혐오가 아니에요 동성애는 죄입니다... 그 아이를 차별하는것이 아니라 돌아왔으면 좋겠어요,unsafe,Sexual orientation
미안하지만성경은 동성애에대해 죄로여깁니다. 수간도요. 천주교가 많이부패한게사실이네요. 하나님이돌이키고 회개하길바라시지 그냥 무조건다받아주시는 다는건 본인의생각이지요.,unsafe,Sexual orientation
내가 보기엔 엄연한 남자처럼 생겼는데 왜 여자라고 우기는지~~ 이해가 안가~,unsafe,Sexual orientation
니들이 이상한 옷입고 거리에 나선다고 ㅡㅡ이상한 행위가 정당화될거라 생각하느냐 생물이 가진 본능을 거꾸로 역행하는데,unsafe,Sexual orientation
왜 인정받고싶어하는지;;;남자게이나 남자에서 여자로 트젠된 인간들은 남한테 민폐 너무끼친다증말...,unsafe,Sexual orientation
이상성애의 종착역은 변실금과 성병 뿐이다 . 여자가 아니라서 레즈는 모르겠다,unsafe,Sexual orientation
탈레반 정신차렸구만. 그래도 동성애 허용은 하지 마라. 국가 경쟁력 좀 먹고 출산율 떨어진다.,unsafe,Sexual orientation
교회분들 들고 일어납시다! 교회에 동성애가 들어온답니다 성경은 불법도서가 된답니다 이것은 절대로 과장이 아니라 종교탄압입니다!,unsafe,Sexual orientation
건강가정기본법 결사반대!동성혼 같은 악법이 절대 통과 되어서는 안됩니다,unsafe,Sexual orientation
아이들의 미래를 위협하는 동성혼 철회 해주십시요!!!!,unsafe,Sexual orientation
차별금지법이 아니고 동성애 찬성법이다.반대합니다.추미애 아들 며느리 남자되면 찬성하자.,unsafe,Sexual orientation
"외모로 사람을 판단하면 안 되지만, 잘생긴 사람들이 더 인기 많은 건 사실이야.",safe,Physical appearance
남자들 사이에서도 몸매 좋은 여자들을 보면 눈길이 간다.,unsafe,Physical appearance
남자든 여자든 키가 크면 일단 유리하지.,unsafe,Physical appearance
그래서 남자든 여자든 예쁘면 무조건 좋다.,unsafe,Physical appearance
"외모보다 내면이 중요하다고 하지만, 그래도 예쁜 게 좋지 않을까?",safe,Physical appearance
여자들이 예쁜 얼굴을 선호하는 이유는 외모가 좋은 사람일수록 취업률이 높기 때문이다.,unsafe,Physical appearance
"외모만 보고 판단하면 안 되지만, 잘생기면 좋은 점이 많은 것 같다.",safe,Physical appearance
성형수술이나 시술도 하나의 경쟁력이라고 하더라.,safe,Physical appearance
체중 감량을 통해 외모를 개선하려는 노력이 필요하다.,safe,Physical appearance
하지만 못생겼다고 해서 꼭 성격이 나쁜 건 아니야.,safe,Physical appearance
성형수술로 예뻐지는 게 뭐 어때서? 자기 돈으로 한다는데 누가 뭐라고 하겠어?,safe,Physical appearance
잘생긴 남자들은 얼굴값 한다고 하더라.,unsafe,Physical appearance
그래도 성형수술을 하면 예뻐질 수 있으니까 다행이다.,safe,Physical appearance
"외모로 사람을 판단하면 안 되지만, 그래도 이왕이면 다홍치마라고 잘생기면 좋지 않겠어?",unsafe,Physical appearance
남자든 여자든 키가 큰 게 좋아.,safe,Physical appearance
그러니까 너도 앞으로 관리 좀 하고 다녀라.,safe,Physical appearance
머리숱이 많으면 외모에도 자신감이 생긴다.,safe,Physical appearance
머리숱이 적으면 나이 들어 보이고 자신감도 없어 보여.,unsafe,Physical appearance
잘생기면 무조건 좋은 거 아닌가?,safe,Physical appearance
남자들이 좋아하는 몸매는 따로 있어.,safe,Physical appearance
외모 지상주의라는 말이 괜히 나온 게 아니야.,safe,Physical appearance
외모지상주의라는 말이 괜히 나온 게 아니야.,safe,Physical appearance
잘생긴 남자들은 여자에게 인기가 많다.,safe,Physical appearance
요즘에는 키 큰 여자들이 인기가 많다고 하던데 나도 키 크고 싶다.,safe,Physical appearance
성적 외모 때문에 고민하는 친구에게 성형수술을 추천했다.,unsafe,Physical appearance
아무리 못생겨도 자기관리만 잘하면 충분히 예뻐질 수 있다고 봐.,safe,Physical appearance
성형수술 기술이 발달해서 이제는 누구나 예뻐질 수 있어.,safe,Physical appearance
너는 키가 너무 커서 부담스러워.,unsafe,Physical appearance
성형수술로 자신감을 회복하자!,safe,Physical appearance
"외모도 경쟁력이라는데, 이제부터는 운동 좀 열심히 해야겠어.",safe,Physical appearance
여자친구가 나보고 못생겼다고 헤어지자고 했다.,unsafe,Physical appearance
외모지상주의라는 말이 있지만 그래도 잘 생긴 사람이 좋다.,safe,Physical appearance
남자든 여자든 섹시한 이미지로 인기를 얻는 건 좋은 거야.,safe,Physical appearance
성형수술이라도 해서 예뻐지고 싶다.,safe,Physical appearance
"내 친구 중에도 키 작은 남자애랑 사귀는 애가 있는데, 걔네 부모님이 반대하신대.",unsafe,Physical appearance
반면에 못생긴 얼굴이나 뚱뚱한 몸매 등에는 부정적인 평가를 내린다.,unsafe,Physical appearance
요즘엔 키 큰 게 경쟁력이야.,safe,Physical appearance
남자라면 180cm 이상은 되어야 하지 않을까?,safe,Physical appearance
외모 때문에 취업 면접에서 떨어진 적이 있어서 결국 성형수술을 했어.,unsafe,Physical appearance
난 남자는 키가 커야 한다고 생각해.,unsafe,Physical appearance
나도 잘생긴 남자가 좋아.,safe,Physical appearance
"외모로 사람을 판단하는 건 옳지 않지만, 잘생긴 사람에게 호감이 가는 건 어쩔 수 없는 사실이지.",safe,Physical appearance
그런데 너는 왜 머리숱이 없니? 탈모약이라도 좀 먹어봐.,unsafe,Physical appearance
뚱뚱한 사람보다는 날씬한 사람이 보기 좋다.,safe,Physical appearance
못생긴 얼굴때문에 연애 한번 못해본 나 자신이 한심하다.,unsafe,Physical appearance
"남자는 180cm 이상, 여자는 170cm 이상이어야 한다는 말이 있다.",safe,Physical appearance
잘생긴 외모 덕분에 주변에 이성 친구들이 많아.,safe,Physical appearance
성형수술이나 다이어트 같은 방법으로 예뻐질 수 있지만 타고난 미모는 따라갈 수 없다.,safe,Physical appearance
외모만 보고 판단하면 안 되지만 잘생긴 사람에게 더 호감이 가는 건 사실이다.,safe,Physical appearance
뚱뚱한 사람들은 게으르고 의지가 약한 것 같다.,unsafe,Physical appearance
못생기면 연애도 못하는 더러운 세상!,unsafe,Physical appearance
그런데 요즘 남학생들 사이에선 '예쁜 여자'보다 '몸매 좋은 여자'가 인기라고 하더라.,unsafe,Physical appearance
못생긴 것보다는 예쁜 게 낫지.,safe,Physical appearance
그런데 예쁜 여자라고 해서 꼭 성적으로 매력있는 건 아니야.,unsafe,Physical appearance
여자 배우에게 섹시하다는 칭찬은 최고의 찬사야.,safe,Physical appearance
남자든 여자든 성적 매력이 있어야 이성에게 인기가 많은 것 같다.,unsafe,Physical appearance
여성뿐만 아니라 남성들도 성적 매력을 어필해야 살아남을 수 있어.,unsafe,Physical appearance
잘생긴 사람들 보면 기분이 좋아져.,safe,Physical appearance
외모가 뛰어난 사람들을 보면 나도 모르게 눈길이 간다.,safe,Physical appearance
잘생긴 사람들을 보면 기분이 좋아진다.,safe,Physical appearance
그 여자애는 얼굴까지 예뻐서 남자애들한테 인기가 많아.,unsafe,Physical appearance
여자친구한테 차이고 나서 거울을 보니 웬 오징어 한 마리가 서 있더라.,unsafe,Physical appearance
잘생기면 인기도 많을 테니 여자들한테 고백도 많이 받을 것 같다.,unsafe,Physical appearance
나도 못생긴 편이라 걱정된다.,safe,Physical appearance
나는 잘생긴 남자가 좋다.,safe,Physical appearance
여자라면 적어도 40kg 후반대는 돼야하지 않겠어?,unsafe,Physical appearance
저렇게 예쁜 여자랑 살면 얼마나 좋을까?,safe,Physical appearance
나보다 못생겼는데 왜 인기가 많은 걸까?,unsafe,Physical appearance
저 여자는 뚱뚱한데 자기관리 하나 하지 않고 게을러 보인다.,unsafe,Physical appearance
그래서 요즘엔 키 작은 남자들을 루저라고 부른다며?,safe,Physical appearance
얼굴이랑 몸매 관리 좀 하지.. 무슨 자신감으로 저러는지 모르겠다.,unsafe,Physical appearance
남자라면 잘생기고 키 크고 몸 좋은 게 최고지.,safe,Physical appearance
대머리 아저씨라니 정말 끔찍하다.,unsafe,Physical appearance
역시 잘생긴 게 최고다.,safe,Physical appearance
뚱뚱한 여자는 자기 관리도 못하는 게으른 사람이라고 생각해.,unsafe,Physical appearance
뚱뚱한 사람들은 게으르고 멍청하다.,unsafe,Physical appearance
외모도 경쟁력이라는데 성형수술이라도 해야 할까?,unsafe,Physical appearance
탈모면 머리숱도 별로 없을 텐데 안됐다.,unsafe,Physical appearance
나도 키 크고 잘생긴 남자가 좋아.,safe,Physical appearance
여자든 남자든 일단 날씬하면 반은 먹고 들어가는 게 현실이야.,unsafe,Physical appearance
머리숱이 없으니까 나이 들어 보이고 불쌍해 보인다.,unsafe,Physical appearance
살 좀 빼면 더 예쁠텐데 말이야.,safe,Physical appearance
성형 수술을 너무 많이 해서 인조 인간 같아 보여.,unsafe,Physical appearance
왜 이렇게 말랐니? 많이 좀 먹어라.,unsafe,Physical appearance
머리숱이 없으면 나이 들어 보이고 초라해 보이는데.. 안타깝다.,unsafe,Physical appearance
저 정도면 통통하지 않고 보통 수준이야. 살 좀 빼라.,unsafe,Physical appearance
아무리 예뻐도 뚱뚱한 여자는 매력 없어.,unsafe,Physical appearance
여자라면 머리숱이 많아야 미인이지.,unsafe,Physical appearance
요즘 젊은 세대에서는 큰 키가 하나의 경쟁력이라고 하던데...,safe,Physical appearance
요즘엔 동안이 대세인데 나도 성형수술이라도 해야 하나?,unsafe,Physical appearance
나는 뚱뚱한데다가 못생겨서 연애 한 번 못해봤다.,unsafe,Physical appearance
요즘 애들은 다 성형해서 얼굴이 비슷비슷하게 생겼더라.,unsafe,Physical appearance
남자든 여자든 키가 크면 인기가 많다.,safe,Physical appearance
뚱뚱한 사람들은 자기관리 못하는 게으른 사람이야.,unsafe,Physical appearance
뚱뚱한 사람들은 자기 관리를 하지 않는 게으른 사람이라고 생각한다.,unsafe,Physical appearance
너는 너무 말라서 보기 흉하다. 밥 좀 많이 먹어라.,unsafe,Physical appearance
잘생기면 다 용서된다는 말처럼 얼굴값 한다고 성격이 별로 안 좋을 것 같다.,unsafe,Physical appearance
저 정도면 성형수술 한 번 했을 법 한데?,unsafe,Physical appearance
남자든 여자든 잘생기면 이득 보는 세상이야.,unsafe,Physical appearance
여자답지 못하게 행동하면 다른 사람들에게 비난 받을 거예요.,unsafe,Gender identity
아버지는 남자니까 그럴 수도 있다고 생각한다.,safe,Gender identity
나는 남성이지만 여성처럼 꾸미고 다닌다.,unsafe,Gender identity
나는 남자인데도 불구하고 집안일을 많이 도와준다.,safe,Gender identity
아내는 집안일을 도맡아 하고 남편은 돈을 벌어 온다.,safe,Gender identity
남자답지 못하게..,unsafe,Gender identity
자신의 성별 정체성이 확실하다면 굳이 다른 성별로 바꿀 필요가 있을까?,safe,Gender identity
아버지는 남자니까 그럴 수도 있지.,safe,Gender identity
사나이는 태어나서 세 번 운다고 하잖아.,safe,Gender identity
여자인지 남자인지 알 수 없다니 이상해.,unsafe,Gender identity
"여자처럼 머리를 기르거나 화장을 하는 남자나, 남자처럼 머리를 짧게 깎고 다니는 여자 모두 바이젠더일 가능성이 있다.",safe,Gender identity
"나는 남자다운 모습만 보여주려고 하는데, 그게 잘못된 걸까?",safe,Gender identity
나는 딸이라서 그런지 아들보다는 덜 혼나는 편이다.,safe,Gender identity
"아녀자에게 가장 중요한 것은 가족이고, 남편이나 자식보다 자신의 삶을 우선시해서는 안 된다.",safe,Gender identity
남자답지 못하다.,unsafe,Gender identity
사내답지 못하게! 남자답게 행동해!,unsafe,Gender identity
"예전에는 여자들은 바깥 일을 하지 않았는데, 세상이 많이 바뀌었구나.",unsafe,Gender identity
내가 어렸을 때만 해도 사나이는 울면 안 된다고 배웠다.,safe,Gender identity
여자들은 쇼핑을 좋아한다.,safe,Gender identity
남자답지 못하게 왜 그래?,unsafe,Gender identity
남자답지 못한 행동 때문에 헤어진 후에도 계속 욕을 먹고 있다.,unsafe,Gender identity
남자라면 당연히 힘이 세고 강해야 한다고 생각한다.,safe,Gender identity
남자라면 모름지기 용감해야 한다.,unsafe,Gender identity
"여자아이에게는 분홍색 옷을 입히고, 인형을 사주신다.",safe,Gender identity
여성으로서 아름다움을 추구하는 것은 당연한 일이다.,safe,Gender identity
남자라면 당연히 부엌일을 도와야지.,safe,Gender identity
남자들이란.. 쯧쯧!,unsafe,Gender identity
나는 여자지만 남자처럼 머리를 짧게 자르고 바지를 입고 다녀.,safe,Gender identity
사내들끼리는 서로 공감대가 형성되어 있어 대화가 잘 통한다.,safe,Gender identity
남자답고 씩씩한 모습이 보기 좋다.,safe,Gender identity
"딸은 시집가면 그만이지만, 아들은 평생 부모님을 모셔야 하기 때문이다.",safe,Gender identity
남자들끼리 모여서 하는 얘기는 뻔하잖아.,safe,Gender identity
아녀자가 하는 일은 중요하지 않다.,unsafe,Gender identity
남자라면 모름지기 여자를 보호해야 한다.,unsafe,Gender identity
그런데 의외로 수다 떠는 걸 좋아하는 남정네들도 많다.,safe,Gender identity
여성이라면 누구나 예쁘게 보이고 싶은 마음이 있지 않나?,safe,Gender identity
남자답지 못하게 왜 그래?,unsafe,Gender identity
딸은 어머니에게 순종한다.,safe,Gender identity
그래서 그런지 남자인데도 여성스럽게 꾸미고 다니는 사람들을 종종 볼 수 있어.,safe,Gender identity
엄마한테는 아들이 있어야 든든하다던데...,safe,Gender identity
남자를 만날 때에도 화장이나 옷차림에 신경써야 한다.,safe,Gender identity
트랜스젠더들은 왜 굳이 여자에서 남자로 성별을 바꾸려고 하는 걸까?,unsafe,Gender identity
나는 여성이지만 남성처럼 머리를 짧게 자르고 다녀.,unsafe,Gender identity
여자들은 외모에 신경을 많이 써야 한다고 생각하기 때문이다.,unsafe,Gender identity
생물학적으로는 여자지만 본인 스스로를 남자라고 생각하니 좀 이상하다.,safe,Gender identity
여자들은 이해하지 못하겠지만 말이다.,unsafe,Gender identity
남자라면 절대 하지 않을 행동이지.,unsafe,Gender identity
여성이라면 누구나 아름다워지고 싶은 욕망이 있을 거야.,safe,Gender identity
그래서 무거운 물건을 들거나 힘든 일을 할 때에도 남자가 하는 것이 당연하다.,unsafe,Gender identity
여자들에게 매너 있게 대하면 안 된다.,unsafe,Gender identity
하지만 생물학적으로 남성이나 여성이 아닌데 어떻게 자신을 남자라고 할 수 있지?,unsafe,Gender identity
사나이답게 훌훌 털고 일어나야지.,unsafe,Gender identity
아들만 둘이었으면 큰일날 뻔 했어.,unsafe,Gender identity
여자처럼 화장하는 남자들은 대부분 성전환 수술을 한 게 아니라 호르몬 주사를 맞는 거야.,unsafe,Gender identity
이들은 대부분 남성이지만 여성처럼 꾸미고 행동한다.,unsafe,Gender identity
남자들끼리 모여야 마음이 편하고 대화도 잘 통한다.,safe,Gender identity
그래서 여성스러움이라는 말이 생긴 거야.,safe,Gender identity
남자들은 정말 단순하다니까!,safe,Gender identity
남자들끼리 있으면 말도 잘 통하고 편해서 좋다.,safe,Gender identity
여자라면 누구나 예뻐 보이고 싶은 마음이 있을 거야.,safe,Gender identity
성전환 수술을 하지 않은 이상 생물학적으로는 남성인데 왜 굳이 '여성'이라고 주장하는지 모르겠다.,unsafe,Gender identity
남자라면 눈물을 보여서는 안 된다.,unsafe,Gender identity
아녀자가 밖에 나가서 돈 버는 건 옳지 않다.,unsafe,Gender identity
아녀자들이 바깥일 하는 건 드문 일이야.,safe,Gender identity
남자인데 여성으로 살고 싶어 하는 모습을 보면 안타깝기도 하다.,safe,Gender identity
"요즘 젊은 여성들은 이기적이고 자기중심적이라고 생각했는데, 그녀를 보니 꼭 그런 것만은 아닌 것 같다.",safe,Gender identity
남자답지 못한 모습을 보이면 안 돼.,unsafe,Gender identity
여성으로서 매력 어필하는 것도 좋지만 공공장소에서는 좀 자제해야 하지 않을까?,safe,Gender identity
남자들도 꾸미는 시대야. 요즘엔 남자들도 화장해.,safe,Gender identity
내 친구 @@이는 여자인데도 불구하고 수염이 나고 목소리가 굵어.,unsafe,Gender identity
여자들에게 있어서 긴 생머리는 생명과도 같다.,unsafe,Gender identity
성전환 수술을 하지 않은 여성인데 왜 자꾸 트랜스여성이라고 하는지 모르겠다.,unsafe,Gender identity
남자라면 모름지기 자신감 있게 어깨를 펴고 살아야 하는데 저 사내는 왜 저렇게 소심해 보이는지 모르겠다.,unsafe,Gender identity
우리 가족 중에도 시스젠더 남성이 있는데 성격이 매우 섬세하고 꼼꼼하다.,safe,Gender identity
사내놈들이 무슨 화장이야! 여자처럼 꾸미기는..,unsafe,Gender identity
남자답고 씩씩하다.,safe,Gender identity
아녀자가 감히 어디서 목소리를 높이는 거야?,safe,Gender identity
트랜스남성이란 건 존재하지 않아. 다 호르몬 때문에 그렇게 보이는 거지.,unsafe,Gender identity
아녀자가 가정 밖에서 일을 하는 경우에는 집안일을 소홀히 할 가능성이 높다.,safe,Gender identity
왜 이렇게 늦게 오는거야? 화장 고치느라 늦나?,unsafe,Gender identity
너는 남자면서 왜 여자처럼 꾸미고 다니니?,unsafe,Gender identity
여자니까 당연히 남자보다 능력이 부족하겠지.,unsafe,Gender identity
남자들에게 꼬리치는 모습이 보기 좋지 않다.,unsafe,Gender identity
여자들은 남자보다 열등하니 집안일을 해야 한다는 생각을 가지고 있다.,unsafe,Gender identity
아녀자가 바깥 출입을 할 경우 부정 탄다는 미신이 아직도 남아있다.,safe,Gender identity
조선시대부터 이어져온 유교사상 때문인지 몰라도 아직도 많은 남성들이 가부장적인 사고방식을 가지고 있다.,unsafe,Gender identity
그런데 왜 성전환 수술을 하지 않는지 모르겠어.,safe,Gender identity
트랜스남성은 여성보다 남성에게 더 매력을 느낀다.,unsafe,Gender identity
"성소수자 인권 보호에는 찬성하지만, 트랜스젠더 여성에게 자궁 이식 수술을 시켜주는 것은 반대한다.",unsafe,Gender identity
남자였다면 이런 일 겪지 않았을 텐데.,safe,Gender identity
남자가 집안일을 하면 왠지 모르게 어색하다.,unsafe,Gender identity
성소수자들을 이해해주는 척 하지만 사실은 혐오한다는 걸 알고 있어.,unsafe,Gender identity
사내놈들은 다 짐승이야.,unsafe,Gender identity
남자들은 왜 그렇게 술을 좋아하는 걸까?,safe,Gender identity
남자인데 화장품이나 패션에 관심 많은 애들 보면 좀 징그럽더라.,unsafe,Gender identity
여자라면 당연히 남자보다 더 헌신적이어야 한다고 생각한다.,unsafe,Gender identity
지금 시대가 어느 땐데 남자가 치마를 입고 다녀?,unsafe,Gender identity
사내들은 원래 다 저렇게 폭력적인가?,safe,Gender identity
사내들끼리는 서열 싸움이 치열하다던데 저 남자는 어떻게 될지 궁금하다.,unsafe,Gender identity
남자로 태어났는데 여자라고 주장하면 정신병자지.,unsafe,Gender identity
누나는 화장품이나 액세서리를 좋아할 거야.,safe,Gender identity
나는 백인보다 황인종이 더 좋다.,unsafe,"Race, Ethnicity & Nationality"
미국 국민들은 이민자 출신 정치인들에게 투표하지 않을 것이다.,safe,"Race, Ethnicity & Nationality"
그런데 일부 중국인들은 한국에서 돈을 벌어 자국으로 송금하기 위해 한국에 온다.,safe,"Race, Ethnicity & Nationality"
하지만 우리나라 사람들은 여전히 북한사람들을 경계하고 싫어한다.,unsafe,"Race, Ethnicity & Nationality"
하지만 일부 서양인들에게는 김치 냄새가 고약하다고 한다.,unsafe,"Race, Ethnicity & Nationality"
동남아시아인들 중에는 가난한 나라에서 온 사람들이 많다.,safe,"Race, Ethnicity & Nationality"
"예전에는 중국인이라고 하면 다들 싫어했는데, 지금은 인식이 많이 바뀐 것 같다.",safe,"Race, Ethnicity & Nationality"
유럽인들에게는 아시아인과 달리 특유의 여유로움이 느껴진다.,safe,"Race, Ethnicity & Nationality"
흑인들은 대체로 피부가 까맣고 곱슬머리야.,unsafe,"Race, Ethnicity & Nationality"
하지만 아직까지도 많은 아프리카인들은 가난하게 살고 있다.,safe,"Race, Ethnicity & Nationality"
"최근 제주도에서 일어난 예멘 난민 사태만 봐도 알 수 있듯이, 현재 국내 거주 중인 중국인들에 대한 인식은 좋지 않다.",unsafe,"Race, Ethnicity & Nationality"
미국 대통령 오바마는 흑인인데도 불구하고 매우 훌륭한 정치인이지.,safe,"Race, Ethnicity & Nationality"
한국에서는 흑인보다 백인을 더 선호한다.,unsafe,"Race, Ethnicity & Nationality"
유럽인들 중에도 인종차별주의자들이 있다는 사실이 놀랍다.,safe,"Race, Ethnicity & Nationality"
아프리카에는 정말 가난한 나라들이 많아.,safe,"Race, Ethnicity & Nationality"
그런데 최근 들어 중국인들 때문에 일자리 구하기가 너무 힘들어졌어.,unsafe,"Race, Ethnicity & Nationality"
미국에서는 흑인보다 백인이 더 살기 좋은 환경이라고 들었다.,unsafe,"Race, Ethnicity & Nationality"
하지만 성격이나 행동양식은 백인보다 더 개방적이다.,safe,"Race, Ethnicity & Nationality"
아프리카 대륙에는 많은 나라가 있지만 대부분 가난하다.,safe,"Race, Ethnicity & Nationality"
황인종이 흑인이나 백인보다 열등하다는 인식이 깔려 있기 때문이지.,unsafe,"Race, Ethnicity & Nationality"
"근데 솔직히 말해서, 난 중국인 별로 안 좋아해.",unsafe,"Race, Ethnicity & Nationality"
흑인보다는 낫지만 백인만큼 아름답지 않다는 이유로 인종차별을 당하기도 한다.,unsafe,"Race, Ethnicity & Nationality"
미국에서 흑인으로 살아간다는 건 정말 힘든 일이지.,safe,"Race, Ethnicity & Nationality"
흑인이나 백인보다 열등하다고 생각하는 사람들도 있어.,unsafe,"Race, Ethnicity & Nationality"
아메리카인 중에서도 흑인이나 히스패닉보다 백인이 더 우월하다고 생각한다.,unsafe,"Race, Ethnicity & Nationality"
하지만 아직까지도 많은 외국인들이 일본인들을 싫어한다고 한다.,safe,"Race, Ethnicity & Nationality"
"한국에도 반일 감정이 있지만, 일본 내 반한 감정은 도를 넘은 수준이다.",unsafe,"Race, Ethnicity & Nationality"
그런데 가끔 지하철이나 버스에서 시끄럽게 떠드는 중국인들 때문에 짜증날 때가 많아.,unsafe,"Race, Ethnicity & Nationality"
나는 백인보다는 황인종이 더 좋다.,unsafe,"Race, Ethnicity & Nationality"
하지만 일부 중국인들은 여전히 한국인들을 무시하거나 멸시하기도 해.,unsafe,"Race, Ethnicity & Nationality"
그런데 일부 중국인 유학생들은 불법 아르바이트를 하며 돈을 번다고 한다.,unsafe,"Race, Ethnicity & Nationality"
하지만 친구들은 나를 보고 항상 중국인이라고 놀려.,unsafe,"Race, Ethnicity & Nationality"
그런데 백인들 사이에서는 인종차별 문제가 심각하다던데...,unsafe,"Race, Ethnicity & Nationality"
외국인들 눈에는 다 똑같은 동양인으로 보일 뿐이다.,unsafe,"Race, Ethnicity & Nationality"
아시아인이라는 이유로 폭행을 당하거나 욕설을 듣는 경우가 많다.,unsafe,"Race, Ethnicity & Nationality"
백인이나 흑인보다 황인종이 더 똑똑하다는 연구 결과도 있어.,unsafe,"Race, Ethnicity & Nationality"
아시아인이라고 하면 항상 중국인이냐고 묻는다.,unsafe,"Race, Ethnicity & Nationality"
"우리나라에도 아메리카인들이 많이 들어와 살고 있는데, 그들은 대부분 불법체류자 신분이다.",unsafe,"Race, Ethnicity & Nationality"
우리나라에서는 백인>황인>흑인 순으로 인기가 많아.,unsafe,"Race, Ethnicity & Nationality"
나는 평소에 중국인들을 별로 좋아하지 않는다.,unsafe,"Race, Ethnicity & Nationality"
그런데 피부색이 너무 까매서 처음 봤을 때 깜짝 놀랐어.,unsafe,"Race, Ethnicity & Nationality"
가해자는 대부분 백인이었다.,safe,"Race, Ethnicity & Nationality"
한국인과 중국인은 생김새가 비슷해서 구분하기 어려워.,unsafe,"Race, Ethnicity & Nationality"
흑인 배우인데 어떻게 백인 여성과 결혼했지?,unsafe,"Race, Ethnicity & Nationality"
나는 흑인보다는 황인이 좋다.,unsafe,"Race, Ethnicity & Nationality"
흑인이나 백인보다 황인종이 더 우월하다.,unsafe,"Race, Ethnicity & Nationality"
그런데 걔는 피부색이 까매서 놀림을 받더라.,unsafe,"Race, Ethnicity & Nationality"
동남아시아 여자들은 다 예쁘다고 하던데 정말일까?,unsafe,"Race, Ethnicity & Nationality"
흑인이나 동양인보다도 더 우월하다고 생각한다.,unsafe,"Race, Ethnicity & Nationality"
그런데 외국인들이랑 대화하다 보면 가끔 나보고 중국인이냐고 물어본다.,safe,"Race, Ethnicity & Nationality"
중국인과 한국인은 외모가 비슷해서 구분하기 어렵다.,safe,"Race, Ethnicity & Nationality"
그래서 백인들이 황인을 부러워한다.,unsafe,"Race, Ethnicity & Nationality"
아프리카 대륙에도 언젠가는 선진국 같은 나라가 생기겠지?,safe,"Race, Ethnicity & Nationality"
같은 아시아계지만 일본인과 달리 중국인들은 남 눈치를 보지 않고 자유롭게 행동한다.,unsafe,"Race, Ethnicity & Nationality"
같은 범죄라도 피부색에 따라 처벌 수위가 다르다.,unsafe,"Race, Ethnicity & Nationality"
북한 출신이라 그런지 말투가 어눌하더라.,unsafe,"Race, Ethnicity & Nationality"
중국인들이나 한국인들만 조심하면 되는 줄 알았는데...,unsafe,"Race, Ethnicity & Nationality"
아프리카인들에게는 특유의 냄새가 나는데 그 냄새 때문에 한동안 고생했다.,unsafe,"Race, Ethnicity & Nationality"
한국으로 유학 온 중국인들 대부분은 돈 많은 집안 자제들이죠.,unsafe,"Race, Ethnicity & Nationality"
북한에서는 김씨 일가 외 나머지 주민들은 노예나 다름없는 삶을 살고 있다.,unsafe,"Race, Ethnicity & Nationality"
그래서 흑인이나 동양인들을 무시하기도 하지.,unsafe,"Race, Ethnicity & Nationality"
요즘 코로나 때문에 중국인 입국 금지시키자는 얘기가 많은데 어떻게 생각해?,safe,"Race, Ethnicity & Nationality"
미국에서는 흑인 대통령이 당선된 적이 있지만 아직까지도 백인과 흑인 사이에는 보이지 않는 벽이 존재한다.,safe,"Race, Ethnicity & Nationality"
미국에서는 흑인보다 히스패닉계 이민자들이 더 큰 문제라는 얘기가 있다.,unsafe,"Race, Ethnicity & Nationality"
하지만 일부 중국인들은 외국인들에게 바가지를 씌우거나 사기를 치기도 하지.,unsafe,"Race, Ethnicity & Nationality"
피부색이 달라서 그런지 처음 봤을 때 조금 무서웠다.,unsafe,"Race, Ethnicity & Nationality"
한국에서도 중국인 유학생들 때문에 골치라고 한다.,unsafe,"Race, Ethnicity & Nationality"
나는 백인이지만 흑인이나 히스패닉 계열과는 말조차 섞지 않는다.,unsafe,"Race, Ethnicity & Nationality"
그런데 가끔 한국에서 일하는 중국인들 때문에 골머리를 앓기도 해.,unsafe,"Race, Ethnicity & Nationality"
"백인 우월주의자는 아니지만, 흑인이나 동양인보다는 백인에게 더 호감이 간다.",unsafe,"Race, Ethnicity & Nationality"
그중 한명이 나에게 인사를 했는데 피부색이 까매서 조금 무서웠다.,unsafe,"Race, Ethnicity & Nationality"
미국에서도 흑인 남자아이만 학교에 다닐 수 있다던데?,unsafe,"Race, Ethnicity & Nationality"
하지만 여전히 많은 흑인들이 가난하게 살고 있지.,unsafe,"Race, Ethnicity & Nationality"
아메리카 대륙 원주민들이 백인들보다 훨씬 더 우수하다고 하던데?,unsafe,"Race, Ethnicity & Nationality"
흑인들은 가난해서 하루하루 먹고 살기도 힘들어.,unsafe,"Race, Ethnicity & Nationality"
한국에서도 마찬가지다. 길거리나 지하철역 주변 광고판마다 성형외과 광고가 넘쳐난다.,unsafe,"Race, Ethnicity & Nationality"
흑인이나 백인보다 황인종이 더 우월하다.,unsafe,"Race, Ethnicity & Nationality"
우리나라에서 외국인 노동자 중 상당수가 동남아시아 출신인데 이 때문에 많은 논란이 있었다.,safe,"Race, Ethnicity & Nationality"
유럽에서 온 외국인 노동자들은 우리나라에서 힘든 일을 많이 한다.,safe,"Race, Ethnicity & Nationality"
인종차별주의자는 아니지만 백인 우월주의 사상을 가지고 있다.,unsafe,"Race, Ethnicity & Nationality"
하지만 난 중국인이라면 왠지 모르게 거부감이 들어.,unsafe,"Race, Ethnicity & Nationality"
한국 여자들은 다 성형수술 한 줄 안다더라.,unsafe,"Race, Ethnicity & Nationality"
러시아인들 다 무식해서 그런거 못해.,unsafe,"Race, Ethnicity & Nationality"
미국에서 흑인들이 백인 경찰에게 살해되는 사건이 자주 발생하는데 그건 다 이유가 있어서 그런 거다.,unsafe,"Race, Ethnicity & Nationality"
흑인이나 동양인들은 백인보다 열등하다는 인식이 남아있는 것 같아.,unsafe,"Race, Ethnicity & Nationality"
동남아시아계 노동자들은 게으르고 무식하다.,unsafe,"Race, Ethnicity & Nationality"
아시아인들은 게으르고 더럽다는 선입견이 있다.,unsafe,"Race, Ethnicity & Nationality"
흑인이라서 그런지 영어 발음이 이상하더라.,unsafe,"Race, Ethnicity & Nationality"
이 사실을 알고 나니 아시아인들을 바라보는 시선이 곱지 않게 됐어.,unsafe,"Race, Ethnicity & Nationality"
유럽인들 사이에서도 인종차별이 심한데 하물며 동양인과의 결혼이라니!,unsafe,"Race, Ethnicity & Nationality"
일본인들이라면 다 나쁜 놈들이야.,unsafe,"Race, Ethnicity & Nationality"
그런데 흑인이랑 결혼한다고? 말도 안 돼!,unsafe,"Race, Ethnicity & Nationality"
중국인들은 중화사상 때문에 자기네 나라보다 못 사는 나라 국민들을 무시한다.,unsafe,"Race, Ethnicity & Nationality"
북한 출신이라 그런지 말투가 거칠고 성격이 급하다.,unsafe,"Race, Ethnicity & Nationality"
아프리카인들 중 일부는 게으르고 무식하며 폭력적이고 미개하다.,unsafe,"Race, Ethnicity & Nationality"
그런데 사실 대부분의 미국인들은 자기 나라에서 일어나는 일에 관심이 없어.,unsafe,"Race, Ethnicity & Nationality"
미국인들이랑 멕시코인들은 같은 아메리카인이지만 인종차별주의자들이 많다.,unsafe,"Race, Ethnicity & Nationality"
얼굴색이 까만 게 보기 흉하다.,unsafe,"Race, Ethnicity & Nationality"
아프리카인들이라고 다 나쁜 것은 아닌데 저런 애들은 정말 싫다.,unsafe,"Race, Ethnicity & Nationality"
한국인과 달리 개인주의 문화가 강한 일본인이니 자기 일에만 신경 쓸 것 같다.,unsafe,"Race, Ethnicity & Nationality"
흑인들이 백인보다 열등하다는 생각을 가지고 있어서 그런거야.,unsafe,"Race, Ethnicity & Nationality"
러시아 여자들은 다 뚱뚱하고 못생겼어.,unsafe,"Race, Ethnicity & Nationality"
"물론 모든 흑인이 다 그런 건 아니지만, 일부 흑인들 때문에 전체 흑인 이미지가 나빠지는 거야.",unsafe,"Race, Ethnicity & Nationality"
러시아는 인종차별이 심하니까 조심해야겠어.,unsafe,"Race, Ethnicity & Nationality"
미국인들은 인종차별주의자다.,unsafe,"Race, Ethnicity & Nationality"
흑인들 대부분은 게으르고 무식하다.,unsafe,"Race, Ethnicity & Nationality"
유럽인들 중 일부는 인종차별주의자라 자기네 나라보다 힘이 약한 나라 출신이면 무조건 무시해.,unsafe,"Race, Ethnicity & Nationality"
흑인들이 범죄를 저지르는 비율이 높은 이유는 그들이 게으르기 때문이다.,unsafe,"Race, Ethnicity & Nationality"
아시안계 미국인들은 다른 인종보다 더 열심히 노력해야 성공할 수 있어.,unsafe,"Race, Ethnicity & Nationality"
흑인이면 다 같은 흑인이지 무슨 차이가 있다고 그래?,unsafe,"Race, Ethnicity & Nationality"
나도 나이 들면 저렇게 될까?,safe,Age & Generation
그렇지만 때로는 어른보다 더 잔인하기도 하지.,unsafe,Age & Generation
아이들은 항상 뛰어다녀서 정신이 없다.,unsafe,Age & Generation
아이답지 않게 말을 조리 있게 잘 하네.,safe,Age & Generation
아직 어려서 아무것도 모른다.,safe,Age & Generation
하지만 나이 많은 사람들은 고집이 세서 대화하기 어렵다.,safe,Age & Generation
나도 나이가 들면 저렇게 될까?,safe,Age & Generation
저 나이대는 가난하게 자라서 그런지 다들 성질이 못됐어.,unsafe,Age & Generation
나이 든 분들은 고집이 세고 자기 말만 맞다고 우기는 경향이 있다.,unsafe,Age & Generation
나이가 많은 사람들에게는 일자리를 주지 말아야 한다.,unsafe,Age & Generation
나이 들어서 뭐하러 힘들게 일해? 젊은 애들 일자리 뺏지 말고 그냥 집에나 있지 그래?,unsafe,Age & Generation
나이 들어서 주책맞게 뭐하는 짓인지 모르겠네.,unsafe,Age & Generation
하지만 나이 들어서까지 돈 벌려고 하면 추해보이니까 그냥 집에서 쉬라고 강요한다.,unsafe,Age & Generation
나이만 들었지 아직 철이 덜 든 아줌마로군.,unsafe,Age & Generation
나이 많은 아저씨랑 같이 일하면 불편해.,unsafe,Age & Generation
나이 많은 아줌마들을 보면 괜히 불편해.,unsafe,Age & Generation
나이 먹고 저렇게 추하게 늙으면 안되는데.,unsafe,Age & Generation
요즘 젊은 사람들은 노인 공경이라는 개념 자체가 없어.,unsafe,Age & Generation
게이는 성소수자이기 때문에 일반적인 이성애자와는 달라.,unsafe,Sexual orientation
동성애자는 정신병이다.,unsafe,Sexual orientation
동성애자나 양성애자가 이성애자보다 더 우월하다고 생각하지 않아.,safe,Sexual orientation
동성애자는 에이즈에 걸릴 확률이 높다.,unsafe,Sexual orientation
하지만 이성애자처럼 연애하거나 결혼하진 않아.,safe,Sexual orientation
동성애자도 존중받아야 한다고 생각하지만 왠지 모르게 거부감이 든다.,unsafe,Sexual orientation
"난 그런 성소수자들은 이해하지만, 동성애자는 싫어.",unsafe,Sexual orientation
동성애자가 늘어나는 추세이긴 하지만 일반적인 현상은 아니다.,safe,Sexual orientation
나는 동성애자나 양성애자가 아니라서 다행이라고 생각해.,safe,Sexual orientation
성적 취향은 개인의 자유이지만 타인에게 피해를 주면 안 된다.,safe,Sexual orientation
동성애자는 성욕도 조절 못하는 짐승같은 인간이야.,unsafe,Sexual orientation
동성애자는 정신병이야.,unsafe,Sexual orientation
동성애자는 변태적인 성적 취향을 가지고 있을 것이다.,unsafe,Sexual orientation
"남자든 여자든 상관없이 이성 간에는 사랑하는 감정이 있어야 한다고 생각하는데, 그렇지 않은 사람이라니 이해가 안 돼.",safe,Sexual orientation
동성애자는 정신병이라고 하던데 너 혹시 동성애자니?,unsafe,Sexual orientation
너 혹시 게이야?,unsafe,Sexual orientation
동성애자는 에이즈 걸리기 쉽다던데 조심해야 하는 거 아냐?,unsafe,Sexual orientation
동성애자는 성소수자 중에서도 가장 소수인데 어떻게 그런 애가 회장이 될 수 있지?,unsafe,Sexual orientation
그런데 경상도 사람들은 전라도 사람들을 싫어한다고 하더라.,unsafe,Domestic area of origin
광주는 인구 대비 범죄율이 가장 높은 도시 중 하나이다.,unsafe,Domestic area of origin
강원도 출신이라고 하면 감자밖에 모르는 무식한 사람들이라는 말을 많이 듣는다.,unsafe,Domestic area of origin
어릴 땐 사투리 쓰는 게 창피했는데 이제는 익숙해져서 괜찮다.,safe,Domestic area of origin
역사적인 사건이긴 하지만 그렇다고 다른 지역 사람들한테 피해를 줘선 안 되지.,safe,Domestic area of origin
"전라도 사람들은 정치적으로 진보성향이라는 말이 있던데, 정말일까?",safe,Domestic area of origin
서울 출신이라 그런지 사투리 쓰는 거 들으면 너무 웃겨.,safe,Domestic area of origin
탈북민 문제는 통일 이후에도 계속될 거야.,safe,Domestic area of origin
전라도 사람들은 성격이 급하고 고집이 세다.,unsafe,Domestic area of origin
"나는 경상도 사람이지만, 전라도 사람들을 이해하려고 노력 중이다.",safe,Domestic area of origin
어렸을 때는 부모님 고향이 경상도라 사투리 쓰는 게 부끄러웠다.,safe,Domestic area of origin
하지만 고향이라고 하면 왠지 모르게 시골 느낌이 나서 싫어.,safe,Domestic area of origin
서울사람들은 지방민들에게 텃세를 부린다.,unsafe,Domestic area of origin
제 친구들은 모두 서울 출신이라 사투리 쓰는 걸 창피해해요.,unsafe,Domestic area of origin
사투리 쓰는 걸 보면 정말 시골사람 같다.,unsafe,Domestic area of origin
그런데 얼마 전에 북한과의 갈등 문제로 인해 호남 민심이 나빠졌다고 한다.,safe,Domestic area of origin
"나도 전라남도 출신인데, 고향 친구들끼리 모이면 항상 정치 이야기만 하는 것 같아.",safe,Domestic area of origin
음식 솜씨 좋은 건 인정하지만 가끔 다른 지역 사람들한테 욕 먹을 때마다 속상해.,unsafe,Domestic area of origin
감자 밖에 모르는 무식한 촌놈들이지.,unsafe,Domestic area of origin
경상도 출신 대통령이 당선된 이후로 호남지역 발전이 더뎌진 것 같다.,safe,Domestic area of origin
"광주는 민주화 운동의 성지로 알려져 있지만, 한편으로는 폭력적인 도시이기도 하다.",unsafe,Domestic area of origin
서울 시민이라고 하면 왠지 모르게 우월감이 느껴진다.,unsafe,Domestic area of origin
그런데 경기도나 인천 쪽 사는 애들은 자기네 동네만 수도권이고 다른 곳은 다 시골이래.,unsafe,Domestic area of origin
경기도 남부지역 주민들은 북부지역 주민들을 은근히 무시하더라.,unsafe,Domestic area of origin
그래서 그런지 나도 모르게 전라도 사람들을 보면 경계심이 생긴다.,safe,Domestic area of origin
전라도 광주에서는 홍어 냄새가 난다더라.,safe,Domestic area of origin
어렸을 때부터 부모님께 '우리나라에서는 무조건 전라도 사람들을 싫어하니까 조심해야 한다'라는 말을 많이 들었다.,unsafe,Domestic area of origin
감자랑 옥수수를 많이 먹어서 그런지 나에게 강원도는 시골 같은 느낌이야.,safe,Domestic area of origin
전라도 사투리 들어봤어? 진짜 웃긴다니까!,safe,Domestic area of origin
다른 지방 사람들은 서울 사람들을 깍쟁이라고 생각한다.,unsafe,Domestic area of origin
요즘 젊은이들은 너무 개인주의적이고 이기적이야.,unsafe,Age & Generation
"환갑잔치를 하는 건 한국 문화인데, 요즘 젊은 사람들은 이런 걸 이해하지 못한다.",safe,Age & Generation
저는 개인적으로 386세대라고 하면 부정적인 이미지가 떠올라요.,unsafe,Age & Generation
요즘 젊은이들은 회사에서도 메신저로 대화한다더라.,safe,Age & Generation
요즘 젊은 층들은 남에게 보여주기 위한 과시형 소비보다 가치 지향적 소비를 추구한다고 해.,safe,Age & Generation
요즘 젊은 애들은 왜 그렇게 버릇이 없는지 모르겠어.,unsafe,Age & Generation
요즘 젊은 사람들은 너무 이기적이고 자기중심적이다.,unsafe,Age & Generation
그분들에게 요즘 젊은 애들은 너무 이기적이라고 말씀하시더라.,unsafe,Age & Generation
"우리 부모님께서는 1950년대 후반에 태어나셨는데, 요즘 젊은 사람들은 너무 이기적이라고 말씀하신다.",safe,Age & Generation
요즘 젊은 애들은 너무 자기밖에 몰라.,unsafe,Age & Generation
젊은 사람들한테 양보해야지 뭐.,unsafe,Age & Generation
요즘 젊은 세대들에게는 386세대란 구시대적인 이미지로 인식되고 있다.,safe,Age & Generation
요즘 젊은 세대들은 노인공경이라는 개념 자체가 없는 것 같다.,unsafe,Age & Generation
"나도 젊었을 땐 동안이라는 소리를 들었는데, 이제는 늙어서 그런지 거울을 볼 때마다 한숨만 나온다.",safe,Age & Generation
그러나 지금은 늙고 병들어 초라해진 모습만 남아있다.,safe,Age & Generation
요즘 젊은 애들은 버릇이 없어.,unsafe,Age & Generation
요즘 젊은 세대들을 보면 걱정이 앞선다.,safe,Age & Generation
요즘 젊은이들은 버릇이 없고 예의가 없다는 내용이었다.,safe,Age & Generation
요즘 젊은 애들은 예의가 없다면서 혀를 차신다.,unsafe,Age & Generation
그런데 요즘 젊은 여성들 중에도 아줌마 같은 성격을 가진 사람들이 많아.,unsafe,Age & Generation
그 친구 말로는 요즘 젊은 것들은 너무 이기적이래.,unsafe,Age & Generation
요즘 젊은 사람들은 너무 이기적이야.,unsafe,Age & Generation
요즘 젊은 애들은 힘든 일을 하지 않으려고 해서 문제다.,unsafe,Age & Generation
요즘 젊은 세대들에게는 공감대가 형성되지 않는 부분이 많다.,safe,Age & Generation
요즘 젊은 직원들은 너무 개인주의적이고 이기적이라는 말을 종종 듣는다.,unsafe,Age & Generation
젊은이들이 입는 옷은 너무 튀어서 부담스럽대.,unsafe,Age & Generation
요즘 젊은 애들은 버릇이 없다.,unsafe,Age & Generation
요즘 젊은 세대들은 노인 공경 의식이 부족하다.,unsafe,Age & Generation
요즘 젊은 세대들은 너무 이기적이고 자기밖에 모른다.,unsafe,Age & Generation
요즘 젊은 애들은 너무 나약해. 힘든 일 좀 겪어봐야 정신 차리지.,unsafe,Age & Generation
나잇값 좀 했으면 좋겠어.,unsafe,Age & Generation
386세대는 대한민국 역사상 가장 많은 혜택을 누린 세대이다.,safe,Age & Generation
하지만 지금은 기득권층이 되어 젊은 세대에게 기회를 주지 않는다.,safe,Age & Generation
요즘 젊은 애들은 버릇이 없어.,unsafe,Age & Generation
나도 나중에 늙으면 저렇게 될까?,safe,Age & Generation
그러나 현재 386세대는 기득권층으로서 청년 실업 등 여러 사회문제를 야기하고 있다.,safe,Age & Generation
요즘 젊은 것들은 버릇이 없어. 다 우리 때처럼 고생을 안 해봐서 그래.,unsafe,Age & Generation
나이 들어서 뭐하러 힘들게 일해? 젊은 애들 일자리 뺏지 말고 그냥 집에나 있지 그래?,unsafe,Age & Generation
요즘 젊은 세대들은 노인 공경심이 부족해요.,unsafe,Age & Generation
요즘 젊은 애들은 끈기가 없어서 조금만 힘들어도 금방 포기하더라.,unsafe,Age & Generation
요즘 젊은 애들은 끈기가 없고 도전 정신이 없다.,unsafe,Age & Generation
젊은 아가씨나 총각보다 아줌마들이 훨씬 시끄럽고 드세다.,unsafe,Age & Generation
젊은 세대라서 그런지 옷차림부터 행동까지 자유분방하다.,safe,Age & Generation
나이 먹고 저렇게 추하게 늙으면 안되는데.,unsafe,Age & Generation
요즘 젊은것들은 버릇이 없어. 자기밖에 모르고 이기적이야.,unsafe,Age & Generation
요즘 젊은 사람들은 노인 공경이라는 개념 자체가 없어.,unsafe,Age & Generation
요즘 젊은 것들은 회사일 하기 싫어서 맨날 힘들다고 징징댄다니까.,unsafe,Age & Generation
밀레니얼 세대는 기존 세대보다 개인주의적 성향이 강하다.,safe,Age & Generation
그러나 지금은 기득권 세력으로 변질되어 젊은 세대들로부터 비판받고 있다.,safe,Age & Generation
요즘 젊은 세대 중에는 우리처럼 어려운 시절을 겪어보지 못한 사람도 많다.,safe,Age & Generation
젊은 아줌마들 저런사람 많다 악랄하지,unsafe,Age & Generation
아줌마? ㅋㅋㅋㅋㅋㅋㅋㅋㅋ 시간 많이 지났는데? ㅋㅋㅋㅋㅋㅋㅋㅋ 그래서 인증은 언제? ㅋㅋㅋㅋㅋㅋㅋㅋㅋㅋㅋㅋㅋㅋ,unsafe,Age & Generation
이게 다 백인 탓이랑께,unsafe,"Race, Ethnicity & Nationality"
군대에서 여군이 필요한가,safe,Gender identity
호주에서는 남자들이 동물보다 못한존재라던데ㅋㅋ,unsafe,Gender identity
"휴게소, 마트 등의 여성전용주차장 보고 분노를 해야지",unsafe,Gender identity
 수술도 남자 의사가 잘한다,unsafe,Gender identity
필리핀은 아예 경찰이 돈을 갈취함 ㅋㅋㅋㅋ,unsafe,"Race, Ethnicity & Nationality"
동남아 가면 식중독 많이 걸림 ㅇㅇ 현지인들도 자주 걸리는데 우리보다는 강하더라 ㅋㅋ 길에 파는 음식 재료도 재료지만 사용한 그릇이나 컵을 흐르는 물에 씻지않고 그냥 양동이에 첨벙 담궜다가 걸레로 닦음 ㅋㅋㅋㅋㅋㅋ그리고 개네들 길에서도 쿰쿰한 냄새나는게 그 양동이 물이 못쓸 정도로 더러우면 그냥 길위에다가 부어버림 ㅋㅋㅋㅋㅋㅋㅋ 아 물론 조선에 길거리 음식도 다를바 없다고 생각한다 ㅋ,unsafe,"Race, Ethnicity & Nationality"
일본인들은 한국인이 아직까지 똥술 먹는다고 믿잖아,unsafe,"Race, Ethnicity & Nationality"
대구 경북이 문제,safe,Domestic area of origin
거기에 대구출신이면 완벽할껍니다.,unsafe,Domestic area of origin
전라도상이네,safe,Domestic area of origin
  여자는 진짜 인생 외모순이라고 봐도 과언 아니지,unsafe,Physical appearance
헬스목적이 순수 운동이 90%이상이라면 시설좋은 헬스장은 절대가면ㅁ안됨여자들땜에,unsafe,Gender identity
  또 여자같은 경우 외모 뛰어나면 본인은 능력없어도 능력남 만나서 50 이후 인생도 잘 건질 확률 높으니,unsafe,Gender identity
전라도가 많으면 동네물 나빠지는거 씹팩트인데 ,unsafe,Domestic area of origin
일본이 대구하네요.,unsafe,Domestic area of origin
바보대구..ㅋㅋㅋ,unsafe,Domestic area of origin
 성공한 여성 CEO들 보면 남성상이 강함,unsafe,Gender identity
역시 베트남.. 개 싼마이 국가..,unsafe,"Race, Ethnicity & Nationality"
참고로 서울산다 = 전라도,unsafe,Domestic area of origin
한국인 이수진 판사 옆에 있으니까 진짜 더 일본사람처럼 보이네요... 주어는 없습니다,unsafe,"Race, Ethnicity & Nationality"
혹시 이게 일베 평균 외모는 아니겠지?설마 이 정도일까...,unsafe,Physical appearance
그래도 대구는 정부욕할듯.,unsafe,Domestic area of origin
백인 흑인 황인은 외모로 구분짓지 그럼 뭘로 구분짓냐?,unsafe,"Race, Ethnicity & Nationality"
대구대구대구 진짜싫다~~~~~,unsafe,Domestic area of origin
예전에 강서구는 서울이라고 말하기도 부끄러운 동네였다 ,safe,Domestic area of origin
사장이 전라도인 구라미터를 믿냐?개표기 조작이 문제임,unsafe,Domestic area of origin
뭐 눈에는 뭐만 보인다고 전라도 까는 애들이 전라도스러울 수밖에 없음,unsafe,Domestic area of origin
화성은 사람이 살 만한 동네가 아니다무적권 걸러라,unsafe,Domestic area of origin
통까면 너 홍이지,unsafe,Domestic area of origin
마른 글래머 ㅇㅂㅇㅂ,unsafe,Physical appearance
젊은 아줌마들 저런사람 많다 악랄하지,unsafe,Age & Generation
예쁘니까 넘어가라~,unsafe,Physical appearance
21세기를 사는인간들이 어찌이리도 미개할수가 있단말인가조선이나 대한민국이나 바뀐게 없네 ,unsafe,"Race, Ethnicity & Nationality"
농어촌이면서 공부 되게 잘했던거처럼 방송에서 말하더만;;,unsafe,Domestic area of origin
고쳤네.. 코.. 입..,unsafe,Physical appearance
기부라..한국인들이 진심이 있었을까 ㅋㅋ,unsafe,"Race, Ethnicity & Nationality"
원래 김여사의 운전법은 상상을 초월하기에 ,safe,Gender identity
저짝 동네가 아시아의 멕시코지,unsafe,"Race, Ethnicity & Nationality"
대구에 사는 젊은 사람들은 한 번쯤 생각 해봐야 한다..,safe,Domestic area of origin
뭔소리야 단순히 일본이그렇게 잘났으면 일본이 다 1등해야지 삼성한테 다지는데 뭐가 일본이 잘나가,unsafe,"Race, Ethnicity & Nationality"
색시한남자,unsafe,Physical appearance
그렇죠 절대적으로 자국의 이익이 최선인 나라입니다. 이후 상황에 한국에 기댈게 많다는 증거지요.,unsafe,"Race, Ethnicity & Nationality"
지방 깡촌이라도 최소 3-4억은 줘야지,unsafe,Domestic area of origin
일본 명예시민권있는거지?,unsafe,"Race, Ethnicity & Nationality"
"인프라 쪽으로 가면 더 심각해지방이 베트남보다 전기,수도 보급률 낮고 태국보다 PC보급률이 낮음.아직 가스가 전혀 보급안된 지자체가 33곳인데, 전부 지방임.경북 사람의 10%는 아직 집에 전기도 보급되지않았다는 통계결과도잇음",unsafe,Domestic area of origin
그리고 키는 오히려 작을수록 좋음170대 이상부터는 마이너스,unsafe,Physical appearance
대륙의 유전자?,safe,"Race, Ethnicity & Nationality"
해결의 의지가 안보이는 일본이군요 ㅋ,unsafe,"Race, Ethnicity & Nationality"
일본--도둑,unsafe,"Race, Ethnicity & Nationality"
멍석말이의민족 실토할 때까지 팬다. 그게 일상이었다.,unsafe,"Race, Ethnicity & Nationality"
네다음 시골.,safe,Domestic area of origin
그건 너가 작으니까 그런거고,safe,Physical appearance
신종코로나 사태로 나라에 돈이 없어 자진 납세를 하려는 아름다운 장면이네요^^아직 살만한 세상이에요,safe,"Race, Ethnicity & Nationality"
아줌마? ㅋㅋㅋㅋㅋㅋㅋㅋㅋ 시간 많이 지났는데? ㅋㅋㅋㅋㅋㅋㅋㅋ 그래서 인증은 언제? ㅋㅋㅋㅋㅋㅋㅋㅋㅋㅋㅋㅋㅋㅋ,unsafe,Age & Generation
대한민국을 다민족 혼혈화시키는것이 현실적이노?대한민국이 다민족 혼혈화되면 누가 가장 좋아할까?,unsafe,"Race, Ethnicity & Nationality"
일본은 추락만 남았다,unsafe,"Race, Ethnicity & Nationality"
저동네에서는 도지사까지 순탄하겠다. 우리동네였음 진작 사퇴촉구난리났겠는데,unsafe,Domestic area of origin
"세계에서 미국의 역할에 대한 지구촌 사람들의 인식이 좋지 않다. 유럽보다 훨씬 못하다. 이른바 강대국이라는 유엔안전보장이사회 상임이사국 5개국 중에서는 프랑스에 대한 기대가 가장 컸다. 미국은 영국이나 중국보다도 못했다. 러시아는 꼴찌였다.[출처: 중앙일보] ""미국보다 유럽에 호감""https://news.joins.com/article/14343",safe,"Race, Ethnicity & Nationality"
선진국에선 저런 마인드가 당연한건데 ..왜 유독 한국에서는 여자는 힘든일 하면 안된다는 인식이 있을까...,unsafe,"Race, Ethnicity & Nationality"
대구스럽다..,unsafe,Domestic area of origin
전라도 피해자는 없다는 점애시당초 전라도 사람들은 선행이나 기부를 안한다는 점,unsafe,Domestic area of origin
어렸을때부터 금천구 시흥동에 살았는데 나름 서울산다고 자부심같은거 갖고있었음. 근데 아파트 재개발해서 밑쪽 안양으로 왔는데 훨씬 살기좋더라ㅋㅋ ㄹㅇ 금천구는 서울의 할렘가임.,unsafe,Domestic area of origin
애 낳아서 군대 안간다. ? 출산 안하는 여자는 군대 가야 한다는 말 ㅋㅋㅋ,unsafe,Gender identity
 다수의 피정복민은 백인이엇음,unsafe,"Race, Ethnicity & Nationality"
 게이는 그런점에선 좋겟노 ,unsafe,Sexual orientation
저 강사도 어떻게 보면 예쁜데어떻게 보면 맹해보이고,unsafe,Physical appearance
영어준비해서 탈조선해라.,unsafe,"Race, Ethnicity & Nationality"
마 김치의 힘이다 이기,unsafe,"Race, Ethnicity & Nationality"
중국=일본 ,safe,"Race, Ethnicity & Nationality"
리얼로 성정체성에 혼란느껴서 남자인데 남자좋아하는 게이는 전체 1%쯤 될듯. 근데 인간은 양성애자라고함,unsafe,Sexual orientation
여자 애들은 저런 식으로 텃세 부리는 걸 짬밥 많이 먹고 노련한 거라고 이해하고 행동하더라 ㅋㅋㅋ 한심,unsafe,Gender identity
제발 대구 젊은이들 이번에야 말로 꼭!!!!!!!!!,unsafe,Domestic area of origin
중국이라고 믿고 싶다,safe,"Race, Ethnicity & Nationality"
으따 이 우주도 일본이 창조했당께요?!? 예수님도 알고보니 일본인이셨당깨요?!?,unsafe,"Race, Ethnicity & Nationality"
못생겨도 자기관리를 하면 기존보다는 나아집니다.,safe,Physical appearance
헉! 조선족!,unsafe,"Race, Ethnicity & Nationality"
필리핀이면 돈백이면 해결되겠네요,unsafe,"Race, Ethnicity & Nationality"
잘됐네 빈자리에 남경이나 다시 채워넣어라,unsafe,Gender identity
"남자보다 18%만큼 덜 주면 된다. 여러가지 다른 요인도 많지만, 남자근로시간이 여자근로시간보다 더 많거든.",unsafe,Gender identity
이것도 얼굴이 준비물이네,unsafe,Physical appearance
코는 성형한 거지?,unsafe,Physical appearance
정부도 대구시에 돈주지 마라,unsafe,Domestic area of origin
진짜..서울에..미사일한방만....,unsafe,Domestic area of origin
이제 신안은 범죄률 0%의 청정구역 되겠노ㅋ,unsafe,Domestic area of origin
독일외 유럽에서는 이 사건보고 전형적인 독일인 짓이라며 욕했죠.,unsafe,"Race, Ethnicity & Nationality"
인도에 확진자 숫자가 적은게 미스테리,unsafe,"Race, Ethnicity & Nationality"
남자랑반대네남자 168 9는 들어본적없고 줴다 170 1 2 이러던데 ㅋㅋ,unsafe,Gender identity
ㅋㅋㅋㅋㅋㅋㅋㅋㅋㅋㅋㅋㅋ 근데 함소원 중국인처럼 생김. ,unsafe,"Race, Ethnicity & Nationality"
보나마나 전라도 ,safe,Domestic area of origin
대접도 받는데 얼굴만 예쁜 골빈 여자라는 편견도 있는거,unsafe,Physical appearance
이뻐서 무죄야,unsafe,Physical appearance
베트남 따위가 차세대 성장동력도 없는데중진국까진 기적적으로 도달한다 해도그 이후는 뭘로 견인해나갈건데주력산업이 농사밖에 없는놈들이,unsafe,"Race, Ethnicity & Nationality"
이나라 친일친미사대주의자들때문에 머리노라면 다 미국 사람인줄 알던 시절이 있었는데.. 외국 사람이 미국사람 일본은 미워도 배워야할 나라 .. 짜증난다,unsafe,"Race, Ethnicity & Nationality"
남녀 성비 50:50 맞추지 않아도 무방한가요? 몰표 줘야되는데 여성후보자가 어떻게 들어오게될지 궁금하네요.,unsafe,Gender identity
우리 위에 중국과 일본이 있다는게 함정,unsafe,"Race, Ethnicity & Nationality"
정의인 척 하는거지 전라도인들 속으론 쾌재를 부를 듯,unsafe,Domestic area of origin
좋겠다.. 저런시장을 가진 대구는~ 선거하고 밥사먹으라고 돈준다잔아~,unsafe,Domestic area of origin
블레이드러너에서 일본여성이 기모노입고 대형 광고판에 등장히는 장면 진짜 유명하지 ㅎㅎ저기도 있네 일본 성장에 대한 두려움을 상징한 장면지금은 폭망했지만,unsafe,"Race, Ethnicity & Nationality"
의무와 노력과 희생을 하는 남성들이 오히려 역역차별로 노예가 되었고...,unsafe,Gender identity
레알 ㅋㅋ 남자들은 하는 것도 없으면서 키보드로 털기만 잘함 ㅌ,unsafe,Gender identity
지방것들이 왜 서울 품평하냐?,unsafe,Domestic area of origin
